{"hab_spec": {"Source": "Water", "Lat": 28.20975, "Lon": -82.363932333, "GPS_Alt": 22.5, "GPS_UTC": "03:49:01", "GPS_Nsat_Inview": 6, "GPS_Status": 3, "DateTime": "2023-0718-034902.840", "Exposure": 500.0, "sat_pix_n": 0, "Pix_minv": 36800, "Pix_maxv": 44339, "summed_rows": 800, "spectra": [36800, 36800, 36800, 36800, 36800, 36800, 36800, 36800, 36800, 36800, 36800, 36800, 36800, 36800, 36800, 36800, 36800, 36800, 36800, 36800, 36800, 36800, 36800, 36800, 36800, 36800, 36800, 36800, 36800, 36800, 36800, 36800, 36800, 36800, 36800, 36800, 36800, 36800, 36800, 36800, 36800, 36800, 36800, 36800, 36800, 36800, 36800, 36800, 36800, 36800, 36800, 36800, 36800, 36800, 36800, 36800, 36816, 36816, 36816, 36816, 36816, 36816, 36816, 36816, 36848, 36848, 36848, 36848, 36848, 36848, 36848, 36848, 37104, 37104, 37104, 37104, 37104, 37104, 37104, 37104, 37344, 37344, 37344, 37344, 37344, 37344, 37344, 37344, 38000, 38000, 38024, 38048, 38048, 38072, 38096, 38096, 38584, 38592, 38616, 38648, 38664, 38696, 38720, 38728, 39264, 39312, 39376, 39488, 39584, 39696, 39792, 39808, 40600, 40624, 40760, 40920, 41072, 41232, 41296, 41392, 42006, 42044, 42118, 42228, 42308, 42418, 42508, 42530, 43192, 43194, 43208, 43222, 43238, 43252, 43258, 43268, 43241, 43241, 43241, 43241, 43241, 43241, 43241, 43241, 42831, 42831, 42799, 42767, 42743, 42711, 42679, 42679, 42133, 42117, 42101, 42069, 42053, 42021, 41989, 41989, 41176, 41168, 41168, 41160, 41152, 41144, 41136, 41136, 40520, 40504, 40496, 40472, 40448, 40424, 40400, 40400, 39947, 39947, 39931, 39915, 39899, 39883, 39875, 39867, 39656, 39656, 39640, 39624, 39608, 39592, 39576, 39576, 39336, 39336, 39336, 39336, 39336, 39336, 39336, 39336, 39080, 39080, 39080, 39080, 39080, 39080, 39080, 39080, 39024, 39024, 39024, 39024, 39024, 39024, 39024, 39024, 39128, 39128, 39128, 39128, 39128, 39128, 39128, 39128, 39192, 39192, 39192, 39192, 39192, 39192, 39192, 39192, 39352, 39352, 39352, 39352, 39352, 39352, 39352, 39352, 39736, 39736, 39752, 39768, 39784, 39800, 39808, 39816, 39888, 39888, 39896, 39904, 39912, 39920, 39920, 39928, 40119, 40119, 40127, 40135, 40143, 40151, 40151, 40159, 40384, 40384, 40384, 40384, 40384, 40384, 40384, 40384, 40732, 40732, 40748, 40764, 40780, 40796, 40804, 40812, 41025, 41025, 41033, 41041, 41041, 41049, 41057, 41057, 41518, 41518, 41542, 41566, 41590, 41614, 41622, 41638, 41855, 41855, 41855, 41855, 41855, 41855, 41855, 41855, 41980, 41980, 41980, 41980, 41980, 41980, 41980, 41980, 42216, 42216, 42216, 42216, 42216, 42216, 42216, 42216, 42460, 42460, 42460, 42460, 42460, 42460, 42460, 42460, 42551, 42551, 42551, 42551, 42551, 42551, 42551, 42551, 42576, 42576, 42576, 42576, 42576, 42576, 42576, 42576, 42621, 42621, 42629, 42637, 42645, 42653, 42661, 42661, 42739, 42739, 42739, 42739, 42739, 42739, 42739, 42739, 42792, 42792, 42792, 42792, 42792, 42792, 42792, 42792, 42779, 42779, 42779, 42779, 42779, 42779, 42779, 42779, 42833, 42833, 42833, 42833, 42833, 42833, 42833, 42833, 42907, 42907, 42907, 42907, 42907, 42907, 42907, 42907, 42981, 42981, 42981, 42981, 42981, 42981, 42981, 42981, 43015, 43013, 43009, 42999, 42991, 42987, 42979, 42975, 43056, 43064, 43064, 43072, 43080, 43088, 43096, 43096, 43176, 43176, 43176, 43176, 43176, 43176, 43176, 43176, 43206, 43206, 43198, 43190, 43182, 43174, 43166, 43166, 43275, 43275, 43283, 43291, 43291, 43299, 43307, 43307, 43295, 43295, 43295, 43295, 43295, 43295, 43295, 43295, 43464, 43472, 43488, 43504, 43504, 43488, 43472, 43464, 43617, 43617, 43625, 43633, 43641, 43649, 43649, 43657, 43714, 43728, 43763, 43794, 43810, 43825, 43825, 43825, 43805, 43805, 43805, 43805, 43805, 43805, 43805, 43805, 43979, 43987, 43987, 43995, 44003, 44011, 44019, 44019, 44057, 44049, 44033, 44025, 44025, 44033, 44049, 44057, 44132, 44132, 44132, 44132, 44132, 44132, 44132, 44132, 44271, 44271, 44279, 44287, 44295, 44303, 44303, 44311, 44328, 44320, 44296, 44277, 44269, 44272, 44280, 44288, 44315, 44323, 44339, 44339, 44331, 44315, 44291, 44275, 44276, 44285, 44300, 44312, 44312, 44300, 44285, 44276, 44071, 44092, 44122, 44142, 44142, 44122, 44092, 44071, 43800, 43800, 43800, 43800, 43800, 43800, 43800, 43800, 43559, 43559, 43551, 43543, 43543, 43535, 43527, 43527, 43335, 43319, 43303, 43295, 43295, 43303, 43319, 43335, 43108, 43108, 43108, 43108, 43108, 43108, 43108, 43108, 42893, 42893, 42893, 42893, 42893, 42893, 42893, 42893, 42571, 42571, 42563, 42555, 42555, 42547, 42539, 42539, 42248, 42248, 42248, 42248, 42248, 42248, 42248, 42248, 42108, 42097, 42096, 42090, 42082, 42075, 42067, 42065, 41824, 41824, 41824, 41824, 41824, 41824, 41824, 41824, 41603, 41603, 41587, 41571, 41555, 41539, 41539, 41523, 41168, 41160, 41152, 41136, 41120, 41104, 41088, 41088, 40883, 40875, 40867, 40851, 40843, 40827, 40811, 40811, 40467, 40467, 40443, 40419, 40403, 40379, 40355, 40355, 40100, 40084, 40076, 40060, 40060, 40076, 40084, 40100, 39788, 39788, 39780, 39772, 39764, 39756, 39748, 39748, 39492, 39492, 39492, 39492, 39492, 39492, 39492, 39492, 39264, 39264, 39264, 39264, 39264, 39264, 39264, 39264, 39048, 39048, 39048, 39048, 39048, 39048, 39048, 39048, 38704, 38704, 38704, 38704, 38704, 38704, 38704, 38704, 38616, 38616, 38616, 38616, 38616, 38616, 38616, 38616, 38288, 38288, 38288, 38288, 38288, 38288, 38288, 38288, 38184, 38176, 38176, 38168, 38160, 38152, 38144, 38144, 38008, 38008, 38008, 38008, 38008, 38008, 38008, 38008, 37840, 37840, 37840, 37840, 37840, 37840, 37840, 37840, 37512, 37512, 37512, 37512, 37512, 37512, 37512, 37512, 37512, 37512, 37512, 37512, 37512, 37512, 37512, 37512, 37344, 37336, 37336, 37328, 37320, 37312, 37304, 37304, 37280, 37280, 37280, 37280, 37280, 37280, 37280, 37280, 37280, 37280, 37280, 37280, 37280, 37280, 37280, 37280, 37232, 37232, 37232, 37232, 37232, 37232, 37232, 37232, 37120, 37120, 37120, 37120, 37120, 37120, 37120, 37120, 37056, 37056, 37056, 37056, 37056, 37056, 37056, 37056, 37088, 37088, 37088, 37088, 37088, 37088, 37088, 37088, 36944, 36944, 36944, 36944, 36944, 36944, 36944, 36944, 36896, 36896, 36896, 36896, 36896, 36896, 36896, 36896, 36816, 36816, 36816, 36816, 36816, 36816, 36816, 36816, 36800, 36800, 36800, 36800, 36800, 36800, 36800, 36800, 36800, 36800, 36800, 36800, 36800, 36800, 36800, 36800, 36800, 36800, 36800, 36800, 36800, 36800, 36800, 36800, 36800, 36800, 36800, 36800, 36800, 36800, 36800, 36800, 36800, 36800, 36800, 36800, 36800, 36800, 36800, 36800, 36800, 36800, 36800, 36800, 36800, 36800, 36800, 36800, 36800, 36800, 36800, 36800, 36800, 36800, 36800, 36800, 36800, 36800, 36800, 36800, 36800, 36800, 36800, 36800, 36800, 36800, 36800, 36800, 36800, 36800, 36800, 36800, 36800, 36800, 36800, 36800, 36800, 36800, 36800, 36800, 36800, 36800, 36800, 36800, 36800, 36800, 36800, 36800, 36800, 36800, 36800, 36800, 36800, 36800, 36800, 36800, 36800, 36800, 36800, 36800, 36800, 36800, 36800, 36800, 36800, 36800, 36800, 36800, 36800, 36800, 36800, 36800, 36800, 36800, 36800, 36800, 36800, 36800, 36800, 36800, 36800, 36800, 36800, 36800, 36800, 36800, 36800, 36800, 36800, 36800, 36800, 36800, 36800, 36800, 36800, 36800, 36800, 36800, 36800, 36800, 36800, 36800, 36800, 36800, 36800, 36800, 36800, 36800, 36800, 36800, 36800, 36800, 36800, 36800, 36800, 36800, 36800, 36800, 36800, 36800, 36800, 36800, 36800, 36800, 36800, 36800, 36800, 36800, 36800, 36800, 36800, 36800, 36800, 36800, 36800, 36800, 36800, 36800, 36800, 36800, 36800, 36800, 36800, 36800, 36800, 36800, 36800, 36800, 36800, 36800, 36800, 36800, 36800, 36800, 36800, 36800, 36800, 36800, 36800, 36800, 36800, 36800, 36800, 36800, 36800, 36800, 36800, 36800, 36800, 36800, 36800, 36800, 36800, 36800, 36800, 36800, 36800, 36800, 36800, 36800, 36800, 36800, 36800, 36800, 36800, 36800, 36800, 36800, 36800, 36800, 36800, 36800, 36800, 36800, 36800, 36800, 36800, 36800, 36800, 36800, 36800, 36800, 36800, 36800, 36800, 36800, 36800, 36800, 36800, 36800, 36800, 36800, 36800, 36800, 36800, 36800, 36800, 36800, 36800, 36800, 36800, 36800, 36800, 36800, 36800, 36800, 36800, 36800, 36800, 