{"hab_spec": {"Source": "Water", "Lat": 28.209756833, "Lon": -82.363927333, "GPS_Alt": 22.7, "GPS_UTC": "03:49:18", "GPS_Nsat_Inview": 6, "GPS_Status": 3, "DateTime": "2023-0718-034920.045", "Exposure": 500.0, "sat_pix_n": 0, "Pix_minv": 36800, "Pix_maxv": 44208, "summed_rows": 800, "spectra": [36800, 36800, 36800, 36800, 36800, 36800, 36800, 36800, 36800, 36800, 36800, 36800, 36800, 36800, 36800, 36800, 36800, 36800, 36800, 36800, 36800, 36800, 36800, 36800, 36800, 36800, 36800, 36800, 36800, 36800, 36800, 36800, 36800, 36800, 36800, 36800, 36800, 36800, 36800, 36800, 36800, 36800, 36800, 36800, 36800, 36800, 36800, 36800, 36800, 36800, 36800, 36800, 36800, 36800, 36800, 36800, 36800, 36800, 36800, 36800, 36800, 36800, 36800, 36800, 36816, 36816, 36816, 36816, 36816, 36816, 36816, 36816, 37072, 37072, 37072, 37072, 37072, 37072, 37072, 37072, 37296, 37296, 37296, 37296, 37296, 37296, 37296, 37296, 37800, 37800, 37840, 37880, 37920, 37960, 37960, 38000, 38424, 38424, 38456, 38488, 38504, 38536, 38552, 38568, 39088, 39136, 39168, 39248, 39328, 39408, 39464, 39488, 40584, 40584, 40688, 40792, 40896, 41000, 41024, 41104, 41744, 41784, 41888, 42032, 42136, 42280, 42408, 42424, 42997, 43005, 43013, 43029, 43045, 43061, 43077, 43077, 43039, 43047, 43063, 43071, 43071, 43063, 43047, 43039, 42680, 42680, 42664, 42648, 42632, 42616, 42600, 42600, 41900, 41893, 41876, 41853, 41837, 41812, 41789, 41788, 41088, 41072, 41056, 41024, 40992, 40960, 40928, 40928, 40515, 40507, 40507, 40499, 40491, 40483, 40475, 40475, 40044, 40044, 40036, 40028, 40020, 40012, 40004, 40004, 39584, 39576, 39552, 39520, 39488, 39456, 39432, 39424, 39344, 39344, 39336, 39328, 39320, 39312, 39304, 39304, 39077, 39077, 39077, 39077, 39077, 39077, 39077, 39077, 39016, 39016, 39016, 39016, 39016, 39016, 39016, 39016, 39172, 39172, 39172, 39172, 39172, 39172, 39172, 39172, 39176, 39176, 39176, 39176, 39176, 39176, 39176, 39176, 39384, 39384, 39384, 39384, 39384, 39384, 39384, 39384, 39608, 39608, 39608, 39608, 39608, 39608, 39608, 39608, 39892, 39876, 39876, 39884, 39900, 39924, 39948, 39972, 40076, 40076, 40092, 40108, 40124, 40140, 40148, 40156, 40320, 40304, 40296, 40296, 40296, 40312, 40336, 40352, 40659, 40659, 40667, 40675, 40683, 40691, 40699, 40699, 40971, 40971, 40971, 40971, 40971, 40971, 40971, 40971, 41352, 41352, 41352, 41352, 41352, 41352, 41352, 41352, 41736, 41736, 41736, 41736, 41736, 41736, 41736, 41736, 42008, 42008, 42008, 42008, 42008, 42008, 42008, 42008, 42128, 42120, 42104, 42096, 42096, 42104, 42128, 42128, 42372, 42372, 42372, 42372, 42372, 42372, 42372, 42372, 42440, 42456, 42472, 42496, 42504, 42496, 42488, 42480, 42565, 42565, 42565, 42565, 42565, 42565, 42565, 42565, 42545, 42545, 42545, 42545, 42545, 42545, 42545, 42545, 42558, 42560, 42560, 42559, 42559, 42557, 42558, 42561, 42653, 42653, 42653, 42653, 42653, 42653, 42653, 42653, 42712, 42712, 42704, 42712, 42712, 42704, 42712, 42712, 42738, 42722, 42722, 42714, 42722, 42746, 42762, 42778, 42675, 42675, 42675, 42675, 42675, 42675, 42675, 42675, 42738, 42738, 42738, 42738, 42738, 42738, 42738, 42738, 42891, 42891, 42891, 42891, 42891, 42891, 42891, 42891, 43045, 43053, 43077, 43093, 43101, 43101, 43085, 43085, 43073, 43073, 43073, 43073, 43073, 43073, 43073, 43073, 43088, 43088, 43096, 43104, 43112, 43120, 43120, 43128, 43132, 43132, 43132, 43132, 43132, 43132, 43132, 43132, 43188, 43188, 43188, 43188, 43188, 43188, 43188, 43188, 43382, 43379, 43378, 43380, 43380, 43381, 43381, 43379, 43433, 43433, 43441, 43449, 43449, 43457, 43465, 43465, 43580, 43580, 43596, 43612, 43620, 43636, 43652, 43652, 43658, 43658, 43658, 43658, 43658, 43658, 43658, 43658, 43772, 43772, 43788, 43804, 43804, 43820, 43836, 43836, 43923, 43923, 43923, 43923, 43923, 43923, 43923, 43923, 44063, 44064, 44064, 44063, 44063, 44064, 44064, 44063, 44193, 44193, 44193, 44193, 44193, 44193, 44193, 44193, 44198, 44186, 44170, 44158, 44158, 44170, 44186, 44198, 44208, 44208, 44208, 44208, 44208, 44208, 44208, 44208, 44192, 44192, 44192, 44192, 44192, 44192, 44192, 44192, 44060, 44103, 44137, 44114, 44063, 43997, 43963, 43969, 43760, 43760, 43752, 43745, 43737, 43730, 43727, 43721, 43561, 43561, 43561, 43561, 43569, 43569, 43569, 43569, 43273, 43263, 43256, 43244, 43226, 43212, 43199, 43195, 43027, 43027, 43011, 42996, 42988, 42973, 42962, 42956, 42843, 42833, 42811, 42781, 42749, 42719, 42689, 42687, 42537, 42537, 42537, 42537, 42537, 42537, 42537, 42537, 42310, 42300, 42294, 42280, 42264, 42250, 42236, 42234, 42102, 42102, 42094, 42086, 42086, 42078, 42070, 42070, 41824, 41824, 41808, 41792, 41792, 41776, 41760, 41760, 41496, 41496, 41496, 41496, 41496, 41496, 41496, 41496, 40952, 40952, 40952, 40952, 40952, 40952, 40952, 40952, 40856, 40848, 40840, 40824, 40808, 40792, 40784, 40776, 40536, 40520, 40504, 40472, 40440, 40408, 40384, 40376, 40191, 40175, 40167, 40143, 40119, 40095, 40071, 40071, 39808, 39800, 39800, 39792, 39784, 39776, 39768, 39768, 39373, 39373, 39373, 39373, 39373, 39373, 39373, 39373, 39208, 39208, 39208, 39208, 39208, 39208, 39208, 39208, 39008, 39008, 39008, 39008, 39008, 39008, 39008, 39008, 38848, 38848, 38848, 38848, 38848, 38848, 38848, 38848, 38608, 38608, 38608, 38608, 38608, 38608, 38608, 38608, 38368, 38368, 38368, 38368, 38368, 38368, 38368, 38368, 38080, 38072, 38072, 38064, 38056, 38048, 38040, 38040, 37976, 37976, 37976, 37976, 37976, 37976, 37976, 37976, 37768, 37768, 37768, 37768, 37768, 37768, 37768, 37768, 37584, 37584, 37584, 37584, 37584, 37584, 37584, 37584, 37488, 37488, 37488, 37488, 37488, 37488, 37488, 37488, 37344, 37344, 37344, 37344, 37344, 37344, 37344, 37344, 37296, 37296, 37296, 37296, 37296, 37296, 37296, 37296, 37264, 37264, 37264, 37264, 37264, 37264, 37264, 37264, 37232, 37232, 37232, 37232, 37232, 37232, 37232, 37232, 37168, 37168, 37168, 37168, 37168, 37168, 37168, 37168, 37136, 37136, 37136, 37136, 37136, 37136, 37136, 37136, 37024, 37024, 37024, 37024, 37024, 37024, 37024, 37024, 36976, 36976, 36976, 36976, 36976, 36976, 36976, 36976, 36880, 36880, 36880, 36880, 36880, 36880, 36880, 36880, 36880, 36880, 36880, 36880, 36880, 36880, 36880, 36880, 36800, 36800, 36800, 36800, 36800, 36800, 36800, 36800, 36800, 36800, 36800, 36800, 36800, 36800, 36800, 36800, 36800, 36800, 36800, 36800, 36800, 36800, 36800, 36800, 36800, 36800, 36800, 36800, 36800, 36800, 36800, 36800, 36800, 36800, 36800, 36800, 36800, 36800, 36800, 36800, 36800, 36800, 36800, 36800, 36800, 36800, 36800, 36800, 36800, 36800, 36800, 36800, 36800, 36800, 36800, 36800, 36800, 36800, 36800, 36800, 36800, 36800, 36800, 36800, 36800, 36800, 36800, 36800, 36800, 36800, 36800, 36800, 36800, 36800, 36800, 36800, 36800, 36800, 36800, 36800, 36800, 36800, 36800, 36800, 36800, 36800, 36800, 36800, 36800, 36800, 36800, 36800, 36800, 36800, 36800, 36800, 36800, 36800, 36800, 36800, 36800, 36800, 36800, 36800, 36800, 36800, 36800, 36800, 36800, 36800, 36800, 36800, 36800, 36800, 36800, 36800, 36800, 36800, 36800, 36800, 36800, 36800, 36800, 36800, 36800, 36800, 36800, 36800, 36800, 36800, 36800, 36800, 36800, 36800, 36800, 36800, 36800, 36800, 36800, 36800, 36800, 36800, 36800, 36800, 36800, 36800, 36800, 36800, 36800, 36800, 36800, 36800, 36800, 36800, 36800, 36800, 36800, 36800, 36800, 36800, 36800, 36800, 36800, 36800, 36800, 36800, 36800, 36800, 36800, 36800, 36800, 36800, 36800, 36800, 36800, 36800, 36800, 36800, 36800, 36800, 36800, 36800, 36800, 36800, 36800, 36800, 36800, 36800, 36800, 36800, 36800, 36800, 36800, 36800, 36800, 36800, 36800, 36800, 36800, 36800, 36800, 36800, 36800, 36800, 36800, 36800, 36800, 36800, 36800, 36800, 36800, 36800, 36800, 36800, 36800, 36800, 36800, 36800, 36800, 36800, 36800, 36800, 36800, 36800, 36800, 36800, 36800, 36800, 36800, 36800, 36800, 36800, 36800, 36800, 36800, 36800, 36800, 36800, 36800, 36800, 36800, 36800, 36800, 36800, 36800, 36800, 36800, 36800, 36800, 36800, 36800, 36800, 36800, 36800, 36800, 36800, 36800, 36800, 36800, 36800, 36800, 36800, 36800, 36800, 36800, 36800, 36800, 36800, 