{"hab_spec": {"Source": "Water", "Lat": 28.2097555, "Lon": -82.3639285, "GPS_Alt": 22.3, "GPS_UTC": "03:49:11", "GPS_Nsat_Inview": 6, "GPS_Status": 3, "DateTime": "2023-0718-034913.032", "Exposure": 500.0, "sat_pix_n": 0, "Pix_minv": 36800, "Pix_maxv": 44251, "summed_rows": 800, "spectra": [36800, 36800, 36800, 36800, 36800, 36800, 36800, 36800, 36800, 36800, 36800, 36800, 36800, 36800, 36800, 36800, 36800, 36800, 36800, 36800, 36800, 36800, 36800, 36800, 36800, 36800, 36800, 36800, 36800, 36800, 36800, 36800, 36800, 36800, 36800, 36800, 36800, 36800, 36800, 36800, 36800, 36800, 36800, 36800, 36800, 36800, 36800, 36800, 36800, 36800, 36800, 36800, 36800, 36800, 36800, 36800, 36800, 36800, 36800, 36800, 36800, 36800, 36800, 36800, 36816, 36816, 36816, 36816, 36816, 36816, 36816, 36816, 37088, 37088, 37088, 37088, 37088, 37088, 37088, 37088, 37344, 37344, 37344, 37344, 37344, 37344, 37344, 37344, 37784, 37784, 37808, 37832, 37848, 37872, 37880, 37896, 38448, 38448, 38472, 38496, 38512, 38536, 38544, 38560, 39192, 39216, 39240, 39288, 39336, 39384, 39408, 39432, 40613, 40635, 40758, 40901, 41021, 41164, 41236, 41308, 41853, 41891, 41966, 42077, 42149, 42260, 42364, 42372, 42849, 42849, 42881, 42913, 42945, 42977, 42993, 43009, 43005, 43005, 42997, 42989, 42989, 42981, 42973, 42973, 42754, 42738, 42706, 42658, 42610, 42562, 42530, 42514, 42044, 42036, 41988, 41932, 41892, 41836, 41804, 41780, 41008, 41008, 40976, 40944, 40928, 40896, 40864, 40864, 40583, 40575, 40567, 40552, 40536, 40521, 40510, 40504, 39952, 39944, 39944, 39936, 39928, 39920, 39912, 39912, 39656, 39656, 39648, 39640, 39632, 39624, 39616, 39616, 39296, 39296, 39296, 39296, 39296, 39296, 39296, 39296, 39072, 39072, 39072, 39072, 39072, 39072, 39072, 39072, 38960, 38960, 38960, 38960, 38960, 38960, 38960, 38960, 39144, 39144, 39152, 39160, 39168, 39176, 39184, 39184, 39189, 39189, 39189, 39189, 39189, 39189, 39189, 39189, 39363, 39371, 39371, 39379, 39387, 39395, 39403, 39403, 39704, 39704, 39704, 39704, 39704, 39704, 39704, 39704, 39852, 39852, 39868, 39884, 39900, 39916, 39924, 39932, 40037, 40045, 40053, 40069, 40085, 40101, 40109, 40117, 40339, 40339, 40339, 40339, 40339, 40339, 40339, 40339, 40675, 40675, 40683, 40691, 40699, 40707, 40707, 40715, 41053, 41053, 41053, 41053, 41053, 41053, 41045, 41053, 41520, 41520, 41528, 41536, 41544, 41552, 41560, 41560, 41787, 41787, 41795, 41803, 41803, 41811, 41819, 41819, 41897, 41897, 41905, 41913, 41921, 41929, 41937, 41937, 42165, 42165, 42173, 42181, 42189, 42197, 42205, 42205, 42364, 42364, 42372, 42380, 42380, 42388, 42396, 42396, 42448, 42448, 42456, 42464, 42472, 42480, 42488, 42488, 42425, 42425, 42417, 42409, 42409, 42401, 42393, 42393, 42523, 42523, 42523, 42523, 42523, 42523, 42523, 42523, 42689, 42689, 42689, 42689, 42689, 42689, 42689, 42689, 42658, 42658, 42658, 42658, 42658, 42658, 42658, 42658, 42656, 42656, 42664, 42672, 42680, 42688, 42696, 42696, 42721, 42705, 42705, 42697, 42705, 42729, 42737, 42761, 42767, 42767, 42767, 42767, 42767, 42767, 42767, 42767, 42880, 42880, 42880, 42880, 42880, 42880, 42880, 42880, 42889, 42889, 42897, 42905, 42913, 42921, 42929, 42929, 43017, 43017, 43025, 43033, 43041, 43049, 43057, 43057, 43103, 43103, 43103, 43103, 43103, 43103, 43103, 43103, 43181, 43181, 43181, 43181, 43181, 43181, 43181, 43181, 43068, 43068, 43068, 43068, 43068, 43068, 43068, 43068, 43255, 43255, 43255, 43255, 43255, 43255, 43255, 43255, 43368, 43368, 43368, 43368, 43368, 43368, 43368, 43368, 43408, 43408, 43408, 43408, 43408, 43408, 43408, 43408, 43512, 43512, 43512, 43512, 43512, 43512, 43512, 43512, 43679, 43683, 43687, 43695, 43703, 43711, 43715, 43719, 43851, 43835, 43819, 43803, 43795, 43795, 43803, 43811, 43882, 43882, 43882, 43882, 43882, 43882, 43882, 43882, 44135, 44143, 44151, 44167, 44183, 44199, 44215, 44215, 44152, 44149, 44158, 44167, 44175, 44185, 44179, 44191, 44127, 44126, 44127, 44126, 44126, 44127, 44126, 44127, 44251, 44251, 44243, 44235, 44227, 44219, 44219, 44211, 44073, 44081, 44105, 44121, 44129, 44129, 44113, 44113, 43971, 43971, 43963, 43955, 43947, 43939, 43939, 43931, 43741, 43733, 43717, 43693, 43677, 43653, 43629, 43629, 43541, 43541, 43533, 43526, 43518, 43511, 43508, 43502, 43264, 43266, 43267, 43266, 43266, 43267, 43267, 43265, 43088, 43078, 43056, 43039, 43031, 43035, 43044, 43050, 42869, 42837, 42813, 42781, 42757, 42741, 42733, 42749, 42601, 42585, 42561, 42545, 42537, 42537, 42545, 42561, 42345, 42345, 42337, 42329, 42329, 42321, 42313, 42313, 41984, 41984, 41984, 41984, 41984, 41984, 41984, 41984, 41863, 41863, 41863, 41863, 41863, 41863, 41863, 41863, 41498, 41498, 41490, 41482, 41482, 41474, 41466, 41466, 41248, 41248, 41248, 41248, 41248, 41248, 41248, 41248, 40839, 40839, 40831, 40823, 40815, 40807, 40799, 40799, 40451, 40443, 40427, 40403, 40379, 40355, 40347, 40331, 40168, 40168, 40168, 40168, 40168, 40168, 40168, 40168, 39896, 39896, 39896, 39896, 39896, 39896, 39896, 39896, 39502, 39503, 39494, 39487, 39479, 39470, 39463, 39462, 39280, 39280, 39280, 39280, 39280, 39280, 39280, 39280, 38992, 38992, 38992, 38992, 38992, 38992, 38992, 38992, 38696, 38696, 38696, 38696, 38696, 38696, 38696, 38696, 38624, 38624, 38624, 38624, 38624, 38624, 38624, 38624, 38312, 38312, 38312, 38312, 38312, 38312, 38312, 38312, 38080, 38080, 38080, 38080, 38080, 38080, 38080, 38080, 37971, 37971, 37971, 37971, 37971, 37971, 37971, 37971, 37872, 37872, 37872, 37872, 37872, 37872, 37872, 37872, 37608, 37608, 37608, 37608, 37608, 37608, 37608, 37608, 37528, 37528, 37528, 37528, 37528, 37528, 37528, 37528, 37368, 37368, 37368, 37368, 37368, 37368, 37368, 37368, 37312, 37312, 37312, 37312, 37312, 37312, 37312, 37312, 37256, 37248, 37248, 37240, 37232, 37224, 37216, 37216, 37216, 37216, 37216, 37216, 37216, 37216, 37216, 37216, 37120, 37120, 37120, 37120, 37120, 37120, 37120, 37120, 37152, 37152, 37152, 37152, 37152, 37152, 37152, 37152, 37072, 37072, 37072, 37072, 37072, 37072, 37072, 37072, 36992, 36992, 36992, 36992, 36992, 36992, 36992, 36992, 36912, 36912, 36912, 36912, 36912, 36912, 36912, 36912, 36848, 36848, 36840, 36832, 36824, 36816, 36808, 36808, 36816, 36816, 36816, 36816, 36816, 36816, 36816, 36816, 36800, 36800, 36800, 36800, 36800, 36800, 36800, 36800, 36800, 36800, 36800, 36800, 36800, 36800, 36800, 36800, 36800, 36800, 36800, 36800, 36800, 36800, 36800, 36800, 36800, 36800, 36800, 36800, 36800, 36800, 36800, 36800, 36800, 36800, 36800, 36800, 36800, 36800, 36800, 36800, 36800, 36800, 36800, 36800, 36800, 36800, 36800, 36800, 36800, 36800, 36800, 36800, 36800, 36800, 36800, 36800, 36800, 36800, 36800, 36800, 36800, 36800, 36800, 36800, 36800, 36800, 36800, 36800, 36800, 36800, 36800, 36800, 36800, 36800, 36800, 36800, 36800, 36800, 36800, 36800, 36800, 36800, 36800, 36800, 36800, 36800, 36800, 36800, 36800, 36800, 36800, 36800, 36800, 36800, 36800, 36800, 36800, 36800, 36800, 36800, 36800, 36800, 36800, 36800, 36800, 36800, 36800, 36800, 36800, 36800, 36800, 36800, 36800, 36800, 36800, 36800, 36800, 36800, 36800, 36800, 36800, 36800, 36800, 36800, 36800, 36800, 36800, 36800, 36800, 36800, 36800, 36800, 36800, 36800, 36800, 36800, 36800, 36800, 36800, 36800, 36800, 36800, 36800, 36800, 36800, 36800, 36800, 36800, 36800, 36800, 36800, 36800, 36800, 36800, 36800, 36800, 36800, 36800, 36800, 36800, 36800, 36800, 36800, 36800, 36800, 36800, 36800, 36800, 36800, 36800, 36800, 36800, 36800, 36800, 36800, 36800, 36800, 36800, 36800, 36800, 36800, 36800, 36800, 36800, 36800, 36800, 36800, 36800, 36800, 36800, 36800, 36800, 36800, 36800, 36800, 36800, 36800, 36800, 36800, 36800, 36800, 36800, 36800, 36800, 36800, 36800, 36800, 36800, 36800, 36800, 36800, 36800, 36800, 36800, 36800, 36800, 36800, 36800, 36800, 36800, 36800, 36800, 36800, 36800, 36800, 36800, 36800, 36800, 36800, 36800, 36800, 36800, 36800, 36800, 36800, 36800, 36800, 36800, 36800, 36800, 36800, 36800, 36800, 36800, 36800, 36800, 36800, 36800, 36800, 36800, 36800, 36800, 36800, 36800, 36800, 36800, 36800, 36800, 36800, 36800, 36800, 