{"hab_spec": {"Source": "Water", "Lat": 28.2097565, "Lon": -82.363927333, "GPS_Alt": 22.6, "GPS_UTC": "03:49:17", "GPS_Nsat_Inview": 6, "GPS_Status": 3, "DateTime": "2023-0718-034918.450", "Exposure": 500.0, "sat_pix_n": 0, "Pix_minv": 36800, "Pix_maxv": 44238, "summed_rows": 800, "spectra": [36800, 36800, 36800, 36800, 36800, 36800, 36800, 36800, 36800, 36800, 36800, 36800, 36800, 36800, 36800, 36800, 36800, 36800, 36800, 36800, 36800, 36800, 36800, 36800, 36800, 36800, 36800, 36800, 36800, 36800, 36800, 36800, 36800, 36800, 36800, 36800, 36800, 36800, 36800, 36800, 36800, 36800, 36800, 36800, 36800, 36800, 36800, 36800, 36800, 36800, 36800, 36800, 36800, 36800, 36800, 36800, 36800, 36800, 36800, 36800, 36800, 36800, 36800, 36800, 36832, 36832, 36832, 36832, 36832, 36832, 36832, 36832, 37104, 37104, 37104, 37104, 37104, 37104, 37104, 37104, 37312, 37312, 37312, 37312, 37312, 37312, 37312, 37312, 37776, 37776, 37792, 37808, 37824, 37840, 37840, 37856, 38512, 38512, 38528, 38544, 38544, 38560, 38576, 38576, 39160, 39184, 39240, 39320, 39384, 39464, 39520, 39544, 40333, 40363, 40502, 40669, 40837, 41004, 41084, 41172, 41952, 41960, 42064, 42176, 42256, 42368, 42464, 42480, 42919, 42925, 42939, 42967, 42991, 43011, 43029, 43039, 43092, 43092, 43092, 43092, 43092, 43092, 43092, 43092, 42644, 42636, 42619, 42598, 42574, 42553, 42531, 42529, 42220, 42196, 42172, 42124, 42092, 42044, 41996, 41996, 41056, 41056, 41032, 41008, 41000, 40976, 40952, 40952, 40455, 40437, 40435, 40423, 40407, 40387, 40373, 40375, 39992, 39984, 39976, 39960, 39944, 39928, 39912, 39912, 39584, 39584, 39584, 39584, 39584, 39584, 39584, 39584, 39280, 39280, 39280, 39280, 39280, 39280, 39280, 39280, 39112, 39112, 39112, 39112, 39112, 39112, 39112, 39112, 39000, 39000, 39000, 39000, 39000, 39000, 39000, 39000, 39224, 39224, 39224, 39224, 39224, 39224, 39224, 39224, 39192, 39192, 39192, 39192, 39192, 39192, 39192, 39192, 39408, 39408, 39408, 39408, 39408, 39408, 39408, 39408, 39544, 39544, 39552, 39560, 39568, 39576, 39584, 39584, 39788, 39788, 39788, 39788, 39788, 39788, 39788, 39788, 39968, 39968, 39984, 40000, 40016, 40032, 40048, 40048, 40328, 40328, 40328, 40328, 40328, 40328, 40328, 40328, 40712, 40718, 40721, 40728, 40736, 40743, 40751, 40751, 41056, 41056, 41064, 41072, 41072, 41080, 41088, 41088, 41548, 41532, 41516, 41508, 41508, 41516, 41532, 41548, 41798, 41798, 41798, 41798, 41798, 41798, 41798, 41798, 42008, 42009, 42008, 42009, 42009, 42008, 42009, 42008, 42160, 42160, 42160, 42160, 42160, 42160, 42160, 42160, 42280, 42280, 42280, 42280, 42280, 42280, 42280, 42280, 42437, 42437, 42437, 42437, 42437, 42437, 42437, 42437, 42612, 42612, 42604, 42596, 42588, 42580, 42572, 42572, 42499, 42499, 42499, 42499, 42499, 42499, 42499, 42499, 42639, 42639, 42639, 42639, 42639, 42639, 42639, 42639, 42636, 42636, 42636, 42636, 42636, 42636, 42636, 42636, 42680, 42680, 42680, 42680, 42680, 42680, 42680, 42680, 42713, 42713, 42721, 42729, 42737, 42745, 42753, 42753, 42779, 42763, 42755, 42739, 42739, 42755, 42763, 42779, 42780, 42780, 42780, 42780, 42780, 42780, 42780, 42780, 42929, 42929, 42929, 42929, 42929, 42929, 42929, 42929, 42941, 42941, 42949, 42957, 42965, 42973, 42973, 42981, 42995, 42995, 43003, 43011, 43011, 43019, 43027, 43027, 43136, 43136, 43136, 43136, 43136, 43136, 43136, 43136, 43112, 43112, 43112, 43112, 43112, 43112, 43112, 43112, 43304, 43296, 43280, 43272, 43272, 43280, 43296, 43304, 43407, 43407, 43407, 43407, 43407, 43407, 43407, 43407, 43471, 43471, 43487, 43503, 43511, 43527, 43535, 43543, 43634, 43626, 43618, 43618, 43626, 43642, 43658, 43674, 43675, 43675, 43675, 43675, 43675, 43675, 43675, 43675, 43716, 43722, 43725, 43732, 43740, 43747, 43755, 43755, 44028, 44028, 44028, 44028, 44028, 44028, 44028, 44028, 43999, 43999, 43999, 43999, 43999, 43999, 43999, 43999, 44190, 44190, 44190, 44190, 44190, 44190, 44190, 44190, 44230, 44230, 44230, 44230, 44238, 44238, 44230, 44238, 44124, 44124, 44124, 44124, 44124, 44124, 44124, 44124, 44133, 44145, 44160, 44169, 44169, 44160, 44145, 44133, 44021, 43959, 43990, 44061, 44045, 43942, 43895, 43941, 43711, 43711, 43695, 43679, 43679, 43663, 43647, 43647, 43538, 43538, 43538, 43538, 43538, 43538, 43538, 43538, 43372, 43364, 43356, 43341, 43325, 43310, 43299, 43293, 43127, 43111, 43111, 43095, 43079, 43063, 43047, 43047, 42868, 42860, 42860, 42852, 42844, 42836, 42828, 42828, 42489, 42481, 42481, 42473, 42465, 42457, 42449, 42449, 42364, 42348, 42324, 42308, 42300, 42300, 42316, 42324, 42161, 42161, 42153, 42145, 42145, 42137, 42129, 42129, 41867, 41867, 41843, 41819, 41811, 41787, 41763, 41763, 41580, 41580, 41572, 41564, 41556, 41548, 41548, 41540, 41075, 41067, 41051, 41027, 41011, 40987, 40963, 40963, 40816, 40800, 40800, 40784, 40768, 40752, 40736, 40736, 40451, 40435, 40435, 40419, 40403, 40387, 40371, 40371, 40054, 40052, 40046, 40040, 40032, 40026, 40020, 40018, 39824, 39816, 39816, 39808, 39800, 39792, 39784, 39784, 39520, 39512, 39504, 39488, 39472, 39456, 39440, 39440, 39200, 39200, 39200, 39200, 39200, 39200, 39200, 39200, 38928, 38928, 38928, 38928, 38928, 38928, 38928, 38928, 38784, 38784, 38784, 38784, 38784, 38784, 38784, 38784, 38616, 38616, 38616, 38616, 38616, 38616, 38616, 38616, 38432, 38432, 38432, 38432, 38432, 38432, 38432, 38432, 38016, 38016, 38016, 38016, 38016, 38016, 38016, 38016, 38024, 38024, 38024, 38024, 38024, 38024, 38024, 38024, 37800, 37800, 37800, 37800, 37800, 37800, 37800, 37800, 37560, 37552, 37552, 37544, 37536, 37528, 37520, 37520, 37504, 37504, 37504, 37504, 37504, 37504, 37504, 37504, 37344, 37344, 37344, 37344, 37344, 37344, 37344, 37344, 37232, 37232, 37232, 37232, 37232, 37232, 37232, 37232, 37216, 37216, 37216, 37216, 37216, 37216, 37216, 37216, 37184, 37184, 37184, 37184, 37184, 37184, 37184, 37184, 37104, 37104, 37104, 37104, 37104, 37104, 37104, 37104, 37072, 37072, 37072, 37072, 37072, 37072, 37072, 37072, 37040, 37040, 37040, 37040, 37040, 37040, 37040, 37040, 37008, 37008, 37008, 37008, 37008, 37008, 37008, 37008, 36896, 36896, 36896, 36896, 36896, 36896, 36896, 36896, 36848, 36848, 36848, 36848, 36848, 36848, 36848, 36848, 36800, 36800, 36800, 36800, 36800, 36800, 36800, 36800, 36816, 36816, 36816, 36816, 36816, 36816, 36816, 36816, 36800, 36800, 36800, 36800, 36800, 36800, 36800, 36800, 36800, 36800, 36800, 36800, 36800, 36800, 36800, 36800, 36800, 36800, 36800, 36800, 36800, 36800, 36800, 36800, 36800, 36800, 36800, 36800, 36800, 36800, 36800, 36800, 36800, 36800, 36800, 36800, 36800, 36800, 36800, 36800, 36800, 36800, 36800, 36800, 36800, 36800, 36800, 36800, 36800, 36800, 36800, 36800, 36800, 36800, 36800, 36800, 36800, 36800, 36800, 36800, 36800, 36800, 36800, 36800, 36800, 36800, 36800, 36800, 36800, 36800, 36800, 36800, 36800, 36800, 36800, 36800, 36800, 36800, 36800, 36800, 36800, 36800, 36800, 36800, 36800, 36800, 36800, 36800, 36800, 36800, 36800, 36800, 36800, 36800, 36800, 36800, 36800, 36800, 36800, 36800, 36800, 36800, 36800, 36800, 36800, 36800, 36800, 36800, 36800, 36800, 36800, 36800, 36800, 36800, 36800, 36800, 36800, 36800, 36800, 36800, 36800, 36800, 36800, 36800, 36800, 36800, 36800, 36800, 36800, 36800, 36800, 36800, 36800, 36800, 36800, 36800, 36800, 36800, 36800, 36800, 36800, 36800, 36800, 36800, 36800, 36800, 36800, 36800, 36800, 36800, 36800, 36800, 36800, 36800, 36800, 36800, 36800, 36800, 36800, 36800, 36800, 36800, 36800, 36800, 36800, 36800, 36800, 36800, 36800, 36800, 36800, 36800, 36800, 36800, 36800, 36800, 36800, 36800, 36800, 36800, 36800, 36800, 36800, 36800, 36800, 36800, 36800, 36800, 36800, 36800, 36800, 36800, 36800, 36800, 36800, 36800, 36800, 36800, 36800, 36800, 36800, 36800, 36800, 36800, 36800, 36800, 36800, 36800, 36800, 36800, 36800, 36800, 36800, 36800, 36800, 36800, 36800, 36800, 36800, 36800, 36800, 36800, 36800, 36800, 36800, 36800, 36800, 36800, 36800, 36800, 36800, 36800, 36800, 36800, 36800, 36800, 36800, 36800, 36800, 36800, 36800, 36800, 36800, 36800, 36800, 36800, 36800, 36800, 36800, 36800, 36800, 36800, 36800,