{"hab_spec": {"Source": "Water", "Lat": 28.2097545, "Lon": -82.363929333, "GPS_Alt": 22.3, "GPS_UTC": "03:49:09", "GPS_Nsat_Inview": 6, "GPS_Status": 3, "DateTime": "2023-0718-034910.730", "Exposure": 500.0, "sat_pix_n": 0, "Pix_minv": 36800, "Pix_maxv": 44298, "summed_rows": 800, "spectra": [36800, 36800, 36800, 36800, 36800, 36800, 36800, 36800, 36800, 36800, 36800, 36800, 36800, 36800, 36800, 36800, 36800, 36800, 36800, 36800, 36800, 36800, 36800, 36800, 36800, 36800, 36800, 36800, 36800, 36800, 36800, 36800, 36800, 36800, 36800, 36800, 36800, 36800, 36800, 36800, 36800, 36800, 36800, 36800, 36800, 36800, 36800, 36800, 36800, 36800, 36800, 36800, 36800, 36800, 36800, 36800, 36800, 36800, 36800, 36800, 36800, 36800, 36800, 36800, 36864, 36864, 36864, 36864, 36864, 36864, 36864, 36864, 37040, 37040, 37040, 37040, 37040, 37040, 37040, 37040, 37296, 37296, 37296, 37296, 37296, 37296, 37296, 37296, 37848, 37848, 37864, 37880, 37888, 37904, 37912, 37920, 38376, 38376, 38408, 38440, 38464, 38496, 38504, 38528, 39056, 39104, 39136, 39216, 39288, 39368, 39424, 39448, 40592, 40608, 40712, 40832, 40952, 41072, 41120, 41192, 41877, 41887, 41989, 42099, 42179, 42289, 42375, 42401, 42942, 42942, 42966, 42989, 43013, 43036, 43047, 43061, 43085, 43083, 43073, 43069, 43061, 43049, 43051, 43045, 42671, 42663, 42655, 42639, 42623, 42607, 42599, 42591, 42124, 42116, 42076, 42028, 42004, 41956, 41908, 41908, 41080, 41064, 41032, 40984, 40944, 40896, 40848, 40848, 40480, 40464, 40440, 40424, 40416, 40416, 40424, 40440, 39952, 39952, 39944, 39936, 39928, 39920, 39912, 39912, 39565, 39565, 39565, 39565, 39565, 39565, 39565, 39565, 39288, 39288, 39288, 39288, 39288, 39288, 39288, 39288, 39104, 39104, 39096, 39088, 39080, 39072, 39072, 39064, 38923, 38923, 38923, 38923, 38923, 38923, 38923, 38923, 39116, 39116, 39116, 39116, 39116, 39116, 39116, 39116, 39240, 39240, 39240, 39240, 39240, 39240, 39240, 39240, 39440, 39440, 39440, 39440, 39440, 39440, 39440, 39440, 39632, 39640, 39640, 39648, 39656, 39664, 39672, 39672, 39908, 39908, 39916, 39924, 39932, 39940, 39940, 39948, 40068, 40068, 40068, 40068, 40068, 40068, 40068, 40068, 40355, 40355, 40355, 40355, 40355, 40355, 40355, 40355, 40641, 40641, 40649, 40657, 40657, 40665, 40673, 40673, 41012, 41012, 41036, 41060, 41076, 41100, 41116, 41124, 41427, 41427, 41435, 41443, 41451, 41459, 41459, 41467, 41796, 41796, 41804, 41812, 41812, 41820, 41828, 41828, 42037, 42030, 42029, 42022, 42014, 42005, 41998, 41997, 42008, 42008, 42008, 42008, 42008, 42008, 42008, 42008, 42328, 42328, 42328, 42328, 42328, 42328, 42328, 42328, 42452, 42451, 42452, 42451, 42451, 42452, 42451, 42452, 42480, 42480, 42488, 42496, 42504, 42512, 42520, 42520, 42493, 42493, 42493, 42493, 42493, 42493, 42493, 42493, 42635, 42627, 42611, 42595, 42595, 42611, 42627, 42635, 42683, 42683, 42683, 42683, 42683, 42683, 42683, 42683, 42689, 42697, 42705, 42721, 42737, 42753, 42761, 42769, 42814, 42798, 42790, 42774, 42774, 42790, 42798, 42814, 42805, 42805, 42805, 42805, 42805, 42805, 42805, 42805, 42877, 42877, 42877, 42877, 42877, 42877, 42877, 42877, 42936, 42936, 42936, 42936, 42936, 42936, 42936, 42936, 43106, 43106, 43106, 43106, 43106, 43106, 43106, 43106, 43013, 43013, 43013, 43013, 43013, 43013, 43013, 43013, 43186, 43178, 43178, 43170, 43162, 43154, 43146, 43146, 43129, 43129, 43129, 43129, 43129, 43129, 43129, 43129, 43281, 43289, 43305, 43313, 43313, 43305, 43289, 43281, 43287, 43287, 43287, 43287, 43295, 43295, 43287, 43295, 43467, 43467, 43467, 43467, 43467, 43467, 43467, 43467, 43647, 43647, 43639, 43631, 43631, 43623, 43615, 43615, 43677, 43677, 43677, 43677, 43677, 43677, 43677, 43677, 43887, 43887, 43887, 43887, 43887, 43887, 43887, 43887, 43870, 43870, 43873, 43871, 43871, 43873, 43870, 43870, 43940, 43940, 43940, 43940, 43940, 43940, 43940, 43940, 44075, 44075, 44083, 44091, 44091, 44099, 44107, 44107, 44298, 44296, 44294, 44298, 44298, 44294, 44296, 44298, 44114, 44110, 44118, 44127, 44135, 44145, 44152, 44151, 44119, 44111, 44103, 44087, 44071, 44055, 44039, 44039, 43774, 43825, 43871, 43877, 43836, 43786, 43774, 43784, 43652, 43650, 43644, 43638, 43630, 43624, 43618, 43616, 43511, 43511, 43511, 43511, 43511, 43511, 43511, 43511, 43219, 43219, 43219, 43219, 43219, 43219, 43219, 43219, 43085, 43077, 43069, 43053, 43045, 43029, 43013, 43013, 42955, 42939, 42939, 42923, 42907, 42891, 42875, 42875, 42635, 42627, 42627, 42619, 42611, 42603, 42595, 42595, 42257, 42257, 42257, 42257, 42257, 42257, 42257, 42257, 42040, 42040, 42040, 42040, 42040, 42040, 42040, 42040, 41748, 41748, 41748, 41748, 41748, 41748, 41748, 41748, 41456, 41464, 41472, 41472, 41464, 41448, 41424, 41416, 41035, 41035, 41035, 41035, 41035, 41035, 41035, 41035, 40640, 40640, 40640, 40640, 40640, 40640, 40640, 40640, 40424, 40424, 40424, 40424, 40424, 40424, 40424, 40424, 40240, 40240, 40232, 40224, 40216, 40208, 40200, 40200, 39824, 39816, 39808, 39792, 39776, 39760, 39744, 39744, 39464, 39464, 39464, 39464, 39464, 39464, 39464, 39464, 39216, 39216, 39216, 39216, 39216, 39216, 39216, 39216, 38920, 38920, 38920, 38920, 38920, 38920, 38920, 38920, 38720, 38720, 38720, 38720, 38720, 38720, 38720, 38720, 38624, 38624, 38624, 38624, 38624, 38624, 38624, 38624, 38371, 38371, 38371, 38371, 38371, 38371, 38371, 38371, 38056, 38056, 38056, 38056, 38056, 38056, 38056, 38056, 38000, 38000, 38000, 38000, 38000, 38000, 38000, 38000, 37784, 37784, 37784, 37784, 37784, 37784, 37784, 37784, 37579, 37579, 37579, 37579, 37579, 37579, 37579, 37579, 37528, 37520, 37520, 37512, 37504, 37496, 37488, 37488, 37368, 37368, 37368, 37368, 37368, 37368, 37368, 37368, 37248, 37248, 37248, 37248, 37248, 37248, 37248, 37248, 37232, 37232, 37232, 37232, 37232, 37232, 37232, 37232, 37216, 37216, 37216, 37216, 37216, 37216, 37216, 37216, 37120, 37120, 37120, 37120, 37120, 37120, 37120, 37120, 37056, 37056, 37056, 37056, 37056, 37056, 37056, 37056, 37104, 37104, 37104, 37104, 37104, 37104, 37104, 37104, 36944, 36944, 36944, 36944, 36944, 36944, 36944, 36944, 36864, 36864, 36864, 36864, 36864, 36864, 36864, 36864, 36864, 36864, 36864, 36864, 36864, 36864, 36864, 36864, 36800, 36800, 36800, 36800, 36800, 36800, 36800, 36800, 36800, 36800, 36800, 36800, 36800, 36800, 36800, 36800, 36800, 36800, 36800, 36800, 36800, 36800, 36800, 36800, 36800, 36800, 36800, 36800, 36800, 36800, 36800, 36800, 36800, 36800, 36800, 36800, 36800, 36800, 36800, 36800, 36800, 36800, 36800, 36800, 36800, 36800, 36800, 36800, 36800, 36800, 36800, 36800, 36800, 36800, 36800, 36800, 36800, 36800, 36800, 36800, 36800, 36800, 36800, 36800, 36800, 36800, 36800, 36800, 36800, 36800, 36800, 36800, 36800, 36800, 36800, 36800, 36800, 36800, 36800, 36800, 36800, 36800, 36800, 36800, 36800, 36800, 36800, 36800, 36800, 36800, 36800, 36800, 36800, 36800, 36800, 36800, 36800, 36800, 36800, 36800, 36800, 36800, 36800, 36800, 36800, 36800, 36800, 36800, 36800, 36800, 36800, 36800, 36800, 36800, 36800, 36800, 36800, 36800, 36800, 36800, 36800, 36800, 36800, 36800, 36800, 36800, 36800, 36800, 36800, 36800, 36800, 36800, 36800, 36800, 36800, 36800, 36800, 36800, 36800, 36800, 36800, 36800, 36800, 36800, 36800, 36800, 36800, 36800, 36800, 36800, 36800, 36800, 36800, 36800, 36800, 36800, 36800, 36800, 36800, 36800, 36800, 36800, 36800, 36800, 36800, 36800, 36800, 36800, 36800, 36800, 36800, 36800, 36800, 36800, 36800, 36800, 36800, 36800, 36800, 36800, 36800, 36800, 36800, 36800, 36800, 36800, 36800, 36800, 36800, 36800, 36800, 36800, 36800, 36800, 36800, 36800, 36800, 36800, 36800, 36800, 36800, 36800, 36800, 36800, 36800, 36800, 36800, 36800, 36800, 36800, 36800, 36800, 36800, 36800, 36800, 36800, 36800, 36800, 36800, 36800, 36800, 36800, 36800, 36800, 36800, 36800, 36800, 36800, 36800, 36800, 36800, 36800, 36800, 36800, 36800, 36800, 36800, 36800, 36800, 36800, 36800, 36800, 36800, 36800, 36800, 36800, 36800, 36800, 36800, 36800, 36800, 36800, 36800, 36800, 36800, 36800, 36800, 36800, 36800, 36800, 36800, 36800, 36800, 36800, 36800, 36800, 36800, 36800, 36800,