{"hab_spec": {"Source": "Water", "Lat": 28.209756833, "Lon": -82.363927, "GPS_Alt": 22.4, "GPS_UTC": "03:49:16", "GPS_Nsat_Inview": 6, "GPS_Status": 3, "DateTime": "2023-0718-034917.658", "Exposure": 500.0, "sat_pix_n": 0, "Pix_minv": 36800, "Pix_maxv": 44265, "summed_rows": 800, "spectra": [36800, 36800, 36800, 36800, 36800, 36800, 36800, 36800, 36800, 36800, 36800, 36800, 36800, 36800, 36800, 36800, 36800, 36800, 36800, 36800, 36800, 36800, 36800, 36800, 36800, 36800, 36800, 36800, 36800, 36800, 36800, 36800, 36800, 36800, 36800, 36800, 36800, 36800, 36800, 36800, 36800, 36800, 36800, 36800, 36800, 36800, 36800, 36800, 36800, 36800, 36800, 36800, 36800, 36800, 36800, 36800, 36800, 36800, 36800, 36800, 36800, 36800, 36800, 36800, 36832, 36832, 36832, 36832, 36832, 36832, 36832, 36832, 37072, 37072, 37072, 37072, 37072, 37072, 37072, 37072, 37296, 37296, 37296, 37296, 37296, 37296, 37296, 37296, 37824, 37824, 37848, 37872, 37888, 37912, 37920, 37936, 38408, 38408, 38440, 38472, 38496, 38528, 38536, 38560, 39067, 39115, 39163, 39259, 39347, 39443, 39515, 39539, 40562, 40598, 40700, 40834, 40962, 41096, 41184, 41232, 41995, 42003, 42083, 42171, 42211, 42299, 42379, 42387, 42849, 42849, 42873, 42897, 42921, 42945, 42961, 42969, 43016, 43024, 43040, 43048, 43048, 43040, 43024, 43016, 42661, 42661, 42621, 42581, 42549, 42509, 42469, 42469, 42021, 42013, 42005, 41989, 41981, 41965, 41949, 41949, 41012, 40996, 40996, 40964, 40932, 40884, 40828, 40820, 40304, 40296, 40296, 40288, 40280, 40272, 40264, 40264, 40101, 40101, 40093, 40085, 40077, 40069, 40061, 40061, 39608, 39608, 39608, 39608, 39608, 39608, 39608, 39608, 39272, 39272, 39272, 39272, 39272, 39272, 39272, 39272, 39032, 39032, 39032, 39032, 39032, 39032, 39032, 39032, 39032, 39032, 39032, 39032, 39032, 39032, 39032, 39032, 39120, 39120, 39120, 39120, 39120, 39120, 39120, 39120, 39112, 39112, 39112, 39112, 39112, 39112, 39112, 39112, 39352, 39352, 39352, 39352, 39352, 39352, 39352, 39352, 39656, 39656, 39656, 39656, 39656, 39656, 39656, 39656, 39836, 39836, 39844, 39852, 39860, 39868, 39876, 39876, 40064, 40064, 40064, 40064, 40064, 40064, 40064, 40064, 40291, 40291, 40299, 40307, 40315, 40323, 40323, 40331, 40621, 40621, 40637, 40653, 40661, 40677, 40693, 40693, 40944, 40944, 40952, 40960, 40960, 40968, 40976, 40976, 41533, 41533, 41525, 41517, 41509, 41501, 41501, 41493, 41804, 41804, 41812, 41820, 41820, 41828, 41836, 41836, 41867, 41867, 41875, 41883, 41891, 41899, 41899, 41907, 42155, 42155, 42155, 42155, 42155, 42155, 42155, 42155, 42384, 42368, 42368, 42360, 42368, 42392, 42408, 42424, 42288, 42288, 42304, 42320, 42320, 42336, 42352, 42352, 42488, 42488, 42496, 42504, 42512, 42520, 42520, 42528, 42597, 42597, 42597, 42597, 42597, 42597, 42597, 42597, 42655, 42655, 42655, 42655, 42655, 42655, 42655, 42655, 42691, 42691, 42691, 42691, 42691, 42691, 42691, 42691, 42788, 42788, 42788, 42788, 42788, 42788, 42788, 42788, 42768, 42760, 42760, 42752, 42744, 42736, 42728, 42728, 42797, 42797, 42797, 42797, 42797, 42797, 42797, 42797, 42855, 42855, 42847, 42839, 42831, 42823, 42815, 42815, 42962, 42964, 42970, 42976, 42984, 42990, 42996, 42998, 42977, 42977, 42977, 42977, 42977, 42977, 42977, 42977, 43161, 43153, 43153, 43145, 43137, 43129, 43121, 43121, 43132, 43132, 43132, 43132, 43132, 43132, 43132, 43132, 43095, 43093, 43091, 43095, 43095, 43091, 43093, 43095, 43206, 43206, 43206, 43206, 43206, 43206, 43206, 43206, 43339, 43339, 43355, 43370, 43378, 43393, 43404, 43410, 43510, 43511, 43510, 43511, 43511, 43510, 43511, 43510, 43539, 43523, 43531, 43531, 43539, 43571, 43587, 43611, 43760, 43740, 43720, 43704, 43696, 43696, 43708, 43720, 43867, 43867, 43867, 43867, 43867, 43867, 43867, 43867, 43958, 43958, 43966, 43974, 43982, 43990, 43998, 43998, 44063, 44065, 44072, 44079, 44087, 44094, 44101, 44103, 44132, 44140, 44140, 44148, 44156, 44164, 44172, 44172, 44216, 44215, 44209, 44202, 44194, 44188, 44181, 44178, 44265, 44265, 44257, 44249, 44249, 44241, 44233, 44233, 44251, 44243, 44243, 44235, 44227, 44219, 44211, 44211, 43892, 43960, 44017, 44017, 43967, 43910, 43875, 43866, 43779, 43779, 43779, 43779, 43779, 43779, 43779, 43779, 43673, 43673, 43657, 43642, 43634, 43619, 43608, 43602, 43300, 43300, 43292, 43284, 43284, 43276, 43268, 43268, 43031, 43033, 43025, 43016, 43016, 43006, 42999, 43002, 42881, 42865, 42865, 42849, 42833, 42817, 42801, 42801, 42515, 42531, 42531, 42539, 42531, 42507, 42499, 42475, 42354, 42346, 42346, 42338, 42330, 42322, 42314, 42314, 42107, 42107, 42107, 42107, 42107, 42107, 42107, 42107, 41783, 41783, 41783, 41783, 41783, 41783, 41783, 41783, 41544, 41544, 41544, 41544, 41544, 41544, 41544, 41544, 41132, 41132, 41124, 41116, 41116, 41108, 41100, 41100, 40715, 40715, 40707, 40699, 40691, 40683, 40675, 40675, 40464, 40464, 40456, 40448, 40440, 40432, 40432, 40424, 40144, 40144, 40136, 40128, 40120, 40112, 40104, 40104, 39832, 39824, 39816, 39800, 39792, 39776, 39760, 39760, 39420, 39420, 39420, 39420, 39420, 39420, 39420, 39420, 39171, 39171, 39163, 39155, 39147, 39139, 39131, 39131, 39032, 39032, 39032, 39032, 39032, 39032, 39032, 39032, 38808, 38808, 38808, 38808, 38808, 38808, 38808, 38808, 38680, 38680, 38680, 38680, 38680, 38680, 38680, 38680, 38312, 38312, 38312, 38312, 38312, 38312, 38312, 38312, 38080, 38080, 38080, 38080, 38080, 38080, 38080, 38080, 38072, 38072, 38072, 38072, 38072, 38072, 38072, 38072, 37744, 37744, 37744, 37744, 37744, 37744, 37744, 37744, 37600, 37600, 37600, 37600, 37600, 37600, 37600, 37600, 37504, 37504, 37504, 37504, 37504, 37504, 37504, 37504, 37352, 37352, 37352, 37352, 37352, 37352, 37352, 37352, 37312, 37312, 37312, 37312, 37312, 37312, 37312, 37312, 37232, 37232, 37232, 37232, 37232, 37232, 37232, 37232, 37216, 37216, 37216, 37216, 37216, 37216, 37216, 37216, 37168, 37168, 37168, 37168, 37168, 37168, 37168, 37168, 37056, 37056, 37056, 37056, 37056, 37056, 37056, 37056, 37040, 37040, 37040, 37040, 37040, 37040, 37040, 37040, 36992, 36992, 36992, 36992, 36992, 36992, 36992, 36992, 36896, 36896, 36896, 36896, 36896, 36896, 36896, 36896, 36880, 36880, 36880, 36880, 36880, 36880, 36880, 36880, 36800, 36800, 36800, 36800, 36800, 36800, 36800, 36800, 36800, 36800, 36800, 36800, 36800, 36800, 36800, 36800, 36800, 36800, 36800, 36800, 36800, 36800, 36800, 36800, 36800, 36800, 36800, 36800, 36800, 36800, 36800, 36800, 36800, 36800, 36800, 36800, 36800, 36800, 36800, 36800, 36800, 36800, 36800, 36800, 36800, 36800, 36800, 36800, 36800, 36800, 36800, 36800, 36800, 36800, 36800, 36800, 36800, 36800, 36800, 36800, 36800, 36800, 36800, 36800, 36800, 36800, 36800, 36800, 36800, 36800, 36800, 36800, 36800, 36800, 36800, 36800, 36800, 36800, 36800, 36800, 36800, 36800, 36800, 36800, 36800, 36800, 36800, 36800, 36800, 36800, 36800, 36800, 36800, 36800, 36800, 36800, 36800, 36800, 36800, 36800, 36800, 36800, 36800, 36800, 36800, 36800, 36800, 36800, 36800, 36800, 36800, 36800, 36800, 36800, 36800, 36800, 36800, 36800, 36800, 36800, 36800, 36800, 36800, 36800, 36800, 36800, 36800, 36800, 36800, 36800, 36800, 36800, 36800, 36800, 36800, 36800, 36800, 36800, 36800, 36800, 36800, 36800, 36800, 36800, 36800, 36800, 36800, 36800, 36800, 36800, 36800, 36800, 36800, 36800, 36800, 36800, 36800, 36800, 36800, 36800, 36800, 36800, 36800, 36800, 36800, 36800, 36800, 36800, 36800, 36800, 36800, 36800, 36800, 36800, 36800, 36800, 36800, 36800, 36800, 36800, 36800, 36800, 36800, 36800, 36800, 36800, 36800, 36800, 36800, 36800, 36800, 36800, 36800, 36800, 36800, 36800, 36800, 36800, 36800, 36800, 36800, 36800, 36800, 36800, 36800, 36800, 36800, 36800, 36800, 36800, 36800, 36800, 36800, 36800, 36800, 36800, 36800, 36800, 36800, 36800, 36800, 36800, 36800, 36800, 36800, 36800, 36800, 36800, 36800, 36800, 36800, 36800, 36800, 36800, 36800, 36800, 36800, 36800, 36800, 36800, 36800, 36800, 36800, 36800, 36800, 36800, 36800, 36800, 36800, 36800, 36800, 36800, 36800, 36800, 36800, 36800, 36800, 36800, 36800, 36800, 36800, 36800, 36800, 36800, 36800, 36800, 36800, 36800, 36800, 