{"hab_spec": {"Source": "Water", "Lat": 28.209750833, "Lon": -82.363932, "GPS_Alt": 22.5, "GPS_UTC": "03:49:02", "GPS_Nsat_Inview": 6, "GPS_Status": 3, "DateTime": "2023-0718-034903.640", "Exposure": 500.0, "sat_pix_n": 0, "Pix_minv": 36800, "Pix_maxv": 44418, "summed_rows": 800, "spectra": [36800, 36800, 36800, 36800, 36800, 36800, 36800, 36800, 36800, 36800, 36800, 36800, 36800, 36800, 36800, 36800, 36800, 36800, 36800, 36800, 36800, 36800, 36800, 36800, 36800, 36800, 36800, 36800, 36800, 36800, 36800, 36800, 36800, 36800, 36800, 36800, 36800, 36800, 36800, 36800, 36800, 36800, 36800, 36800, 36800, 36800, 36800, 36800, 36800, 36800, 36800, 36800, 36800, 36800, 36800, 36800, 36800, 36800, 36800, 36800, 36800, 36800, 36800, 36800, 36832, 36832, 36832, 36832, 36832, 36832, 36832, 36832, 37184, 37184, 37184, 37184, 37184, 37184, 37184, 37184, 37344, 37344, 37344, 37344, 37344, 37344, 37344, 37344, 37968, 37968, 38000, 38032, 38032, 38064, 38096, 38096, 38576, 38576, 38600, 38624, 38632, 38656, 38672, 38680, 39480, 39504, 39560, 39640, 39720, 39800, 39856, 39880, 40826, 40860, 40970, 41112, 41216, 41358, 41468, 41502, 42051, 42083, 42163, 42275, 42371, 42483, 42563, 42595, 43356, 43356, 43380, 43404, 43428, 43452, 43460, 43476, 43222, 43222, 43222, 43222, 43222, 43222, 43222, 43222, 42926, 42918, 42886, 42846, 42806, 42766, 42742, 42726, 42165, 42149, 42117, 42069, 42021, 41973, 41949, 41925, 41261, 41245, 41237, 41213, 41197, 41173, 41149, 41149, 40592, 40584, 40576, 40560, 40544, 40528, 40512, 40512, 40120, 40112, 40096, 40072, 40048, 40024, 40000, 40000, 39712, 39712, 39712, 39712, 39712, 39712, 39712, 39712, 39320, 39320, 39320, 39320, 39320, 39320, 39320, 39320, 39064, 39072, 39088, 39104, 39104, 39088, 39072, 39064, 39104, 39104, 39104, 39104, 39104, 39104, 39104, 39104, 39168, 39168, 39168, 39168, 39168, 39168, 39168, 39168, 39240, 39240, 39240, 39240, 39240, 39240, 39240, 39240, 39368, 39368, 39368, 39368, 39368, 39368, 39368, 39368, 39708, 39708, 39708, 39708, 39708, 39708, 39708, 39708, 39920, 39920, 39928, 39936, 39944, 39952, 39952, 39960, 40104, 40104, 40112, 40120, 40128, 40136, 40136, 40144, 40456, 40456, 40464, 40472, 40472, 40480, 40488, 40488, 40812, 40810, 40816, 40828, 40836, 40840, 40842, 40852, 41268, 41276, 41292, 41308, 41308, 41292, 41276, 41268, 41445, 41445, 41445, 41445, 41445, 41445, 41445, 41445, 41995, 41995, 42003, 42011, 42019, 42027, 42027, 42035, 42022, 42022, 42022, 42022, 42022, 42022, 42022, 42022, 42363, 42363, 42363, 42363, 42363, 42363, 42363, 42363, 42504, 42504, 42504, 42504, 42504, 42504, 42504, 42504, 42585, 42591, 42594, 42601, 42609, 42616, 42624, 42624, 42680, 42672, 42680, 42680, 42680, 42680, 42680, 42680, 42760, 42760, 42768, 42776, 42784, 42792, 42792, 42800, 42775, 42767, 42767, 42759, 42751, 42743, 42735, 42735, 42826, 42826, 42834, 42842, 42850, 42858, 42858, 42866, 42824, 42824, 42824, 42824, 42824, 42824, 42824, 42824, 42955, 42955, 42955, 42955, 42955, 42955, 42955, 42955, 42957, 42957, 42957, 42957, 42957, 42957, 42957, 42957, 43013, 43013, 43013, 43013, 43013, 43013, 43013, 43013, 43072, 43080, 43088, 43096, 43096, 43072, 43048, 43040, 43118, 43126, 43134, 43150, 43166, 43182, 43190, 43198, 43088, 43088, 43104, 43120, 43128, 43144, 43152, 43160, 43218, 43218, 43218, 43218, 43218, 43218, 43218, 43218, 43199, 43191, 43191, 43183, 43175, 43167, 43159, 43159, 43262, 43276, 43279, 43294, 43310, 43325, 43341, 43341, 43576, 43558, 43548, 43536, 43536, 43548, 43558, 43576, 43632, 43632, 43632, 43632, 43632, 43632, 43632, 43632, 43722, 43722, 43722, 43722, 43722, 43722, 43722, 43722, 43736, 43736, 43744, 43752, 43744, 43752, 43760, 43760, 43867, 43867, 43867, 43867, 43867, 43867, 43867, 43867, 44164, 44172, 44180, 44196, 44212, 44228, 44244, 44244, 44284, 44288, 44292, 44300, 44308, 44316, 44320, 44324, 44288, 44272, 44264, 44248, 44248, 44264, 44272, 44288, 44239, 44238, 44239, 44238, 44238, 44239, 44238, 44239, 44418, 44401, 44386, 44377, 44377, 44386, 44401, 44418, 44182, 44182, 44182, 44182, 44182, 44182, 44182, 44182, 44040, 44048, 44040, 44032, 44016, 43976, 43944, 43928, 43947, 43939, 43947, 43947, 43947, 43947, 43939, 43947, 43551, 43551, 43551, 43551, 43551, 43551, 43551, 43551, 43331, 43331, 43331, 43331, 43331, 43331, 43331, 43331, 43134, 43134, 43126, 43118, 43110, 43102, 43094, 43094, 42940, 42932, 42924, 42908, 42892, 42876, 42868, 42860, 42673, 42663, 42657, 42643, 42627, 42613, 42599, 42597, 42361, 42361, 42345, 42329, 42313, 42297, 42289, 42281, 42149, 42149, 42149, 42149, 42149, 42149, 42149, 42149, 41828, 41828, 41812, 41796, 41788, 41772, 41756, 41756, 41604, 41604, 41596, 41588, 41588, 41580, 41572, 41572, 41283, 41275, 41267, 41251, 41243, 41227, 41211, 41211, 40912, 40912, 40904, 40896, 40896, 40888, 40880, 40880, 40588, 40588, 40580, 40573, 40565, 40558, 40555, 40549, 40212, 40212, 40212, 40212, 40212, 40212, 40212, 40212, 40024, 40016, 40008, 39992, 39976, 39960, 39944, 39944, 39550, 39550, 39542, 39534, 39526, 39518, 39510, 39510, 39291, 39291, 39291, 39291, 39291, 39291, 39291, 39291, 39008, 39008, 39016, 39024, 39032, 39040, 39040, 39048, 38752, 38744, 38744, 38736, 38728, 38720, 38712, 38712, 38656, 38656, 38656, 38656, 38656, 38656, 38656, 38656, 38448, 38448, 38448, 38448, 38448, 38448, 38448, 38448, 38211, 38211, 38211, 38211, 38211, 38211, 38211, 38211, 38016, 38016, 38016, 38016, 38016, 38016, 38016, 38016, 37760, 37760, 37760, 37760, 37760, 37760, 37760, 37760, 37576, 37576, 37576, 37576, 37576, 37576, 37576, 37576, 37536, 37536, 37536, 37536, 37536, 37536, 37536, 37536, 37416, 37416, 37416, 37416, 37416, 37416, 37416, 37416, 37248, 37248, 37248, 37248, 37248, 37248, 37248, 37248, 37232, 37232, 37232, 37232, 37232, 37232, 37232, 37232, 37200, 37200, 37200, 37200, 37200, 37200, 37200, 37200, 37152, 37152, 37152, 37152, 37152, 37152, 37152, 37152, 37040, 37040, 37040, 37040, 37040, 37040, 37040, 37040, 37040, 37040, 37040, 37040, 37040, 37040, 37040, 37040, 37008, 37008, 37008, 37008, 37008, 37008, 37008, 37008, 36912, 36912, 36912, 36912, 36912, 36912, 36912, 36912, 36816, 36816, 36816, 36816, 36816, 36816, 36816, 36816, 36800, 36800, 36800, 36800, 36800, 36800, 36800, 36800, 36800, 36800, 36800, 36800, 36800, 36800, 36800, 36800, 36800, 36800, 36800, 36800, 36800, 36800, 36800, 36800, 36800, 36800, 36800, 36800, 36800, 36800, 36800, 36800, 36800, 36800, 36800, 36800, 36800, 36800, 36800, 36800, 36800, 36800, 36800, 36800, 36800, 36800, 36800, 36800, 36800, 36800, 36800, 36800, 36800, 36800, 36800, 36800, 36800, 36800, 36800, 36800, 36800, 36800, 36800, 36800, 36800, 36800, 36800, 36800, 36800, 36800, 36800, 36800, 36800, 36800, 36800, 36800, 36800, 36800, 36800, 36800, 36800, 36800, 36800, 36800, 36800, 36800, 36800, 36800, 36800, 36800, 36800, 36800, 36800, 36800, 36800, 36800, 36800, 36800, 36800, 36800, 36800, 36800, 36800, 36800, 36800, 36800, 36800, 36800, 36800, 36800, 36800, 36800, 36800, 36800, 36800, 36800, 36800, 36800, 36800, 36800, 36800, 36800, 36800, 36800, 36800, 36800, 36800, 36800, 36800, 36800, 36800, 36800, 36800, 36800, 36800, 36800, 36800, 36800, 36800, 36800, 36800, 36800, 36800, 36800, 36800, 36800, 36800, 36800, 36800, 36800, 36800, 36800, 36800, 36800, 36800, 36800, 36800, 36800, 36800, 36800, 36800, 36800, 36800, 36800, 36800, 36800, 36800, 36800, 36800, 36800, 36800, 36800, 36800, 36800, 36800, 36800, 36800, 36800, 36800, 36800, 36800, 36800, 36800, 36800, 36800, 36800, 36800, 36800, 36800, 36800, 36800, 36800, 36800, 36800, 36800, 36800, 36800, 36800, 36800, 36800, 36800, 36800, 36800, 36800, 36800, 36800, 36800, 36800, 36800, 36800, 36800, 36800, 36800, 36800, 36800, 36800, 36800, 36800, 36800, 36800, 36800, 36800, 36800, 36800, 36800, 36800, 36800, 36800, 36800, 36800, 36800, 36800, 36800, 36800, 36800, 36800, 36800, 36800, 36800, 36800, 36800, 36800, 36800, 36800, 36800, 36800, 36800, 36800, 36800, 36800, 36800, 36800, 36800, 36800, 36800, 36800, 36800, 36800, 36800, 36800, 36800, 36800, 36800, 36800, 36800, 36800, 36800, 36800, 36800, 