{"hab_spec": {"Source": "Water", "Lat": 28.209751833, "Lon": -82.3639315, "GPS_Alt": 22.4, "GPS_UTC": "03:49:04", "GPS_Nsat_Inview": 6, "GPS_Status": 3, "DateTime": "2023-0718-034906.043", "Exposure": 500.0, "sat_pix_n": 0, "Pix_minv": 36800, "Pix_maxv": 44406, "summed_rows": 800, "spectra": [36800, 36800, 36800, 36800, 36800, 36800, 36800, 36800, 36800, 36800, 36800, 36800, 36800, 36800, 36800, 36800, 36800, 36800, 36800, 36800, 36800, 36800, 36800, 36800, 36800, 36800, 36800, 36800, 36800, 36800, 36800, 36800, 36800, 36800, 36800, 36800, 36800, 36800, 36800, 36800, 36800, 36800, 36800, 36800, 36800, 36800, 36800, 36800, 36800, 36800, 36800, 36800, 36800, 36800, 36800, 36800, 36800, 36800, 36800, 36800, 36800, 36800, 36800, 36800, 36864, 36864, 36864, 36864, 36864, 36864, 36864, 36864, 37136, 37136, 37136, 37136, 37136, 37136, 37136, 37136, 37344, 37344, 37352, 37360, 37368, 37376, 37376, 37384, 37984, 37984, 38016, 38048, 38048, 38080, 38112, 38112, 38624, 38632, 38648, 38672, 38688, 38712, 38728, 38736, 39376, 39408, 39448, 39520, 39592, 39664, 39712, 39736, 40589, 40643, 40758, 40925, 41077, 41244, 41340, 41412, 42167, 42215, 42271, 42374, 42462, 42565, 42648, 42670, 43148, 43156, 43172, 43196, 43220, 43244, 43268, 43268, 43302, 43300, 43286, 43272, 43264, 43250, 43236, 43234, 42840, 42832, 42808, 42776, 42744, 42712, 42680, 42680, 42062, 42070, 42062, 42038, 42014, 41974, 41934, 41910, 41240, 41240, 41240, 41240, 41240, 41240, 41240, 41240, 40603, 40593, 40567, 40539, 40507, 40471, 40441, 40443, 40104, 40088, 40064, 40024, 39984, 39944, 39904, 39904, 39568, 39568, 39568, 39568, 39568, 39568, 39568, 39568, 39352, 39352, 39352, 39352, 39352, 39352, 39352, 39352, 39048, 39048, 39048, 39048, 39048, 39048, 39048, 39048, 39064, 39064, 39064, 39064, 39064, 39064, 39064, 39064, 39176, 39176, 39176, 39176, 39176, 39176, 39176, 39176, 39216, 39216, 39216, 39216, 39216, 39216, 39216, 39216, 39405, 39405, 39405, 39405, 39405, 39405, 39405, 39405, 39544, 39552, 39576, 39608, 39640, 39672, 39688, 39704, 39931, 39931, 39931, 39931, 39931, 39931, 39931, 39931, 40123, 40123, 40131, 40139, 40147, 40155, 40155, 40163, 40534, 40534, 40526, 40518, 40510, 40502, 40502, 40494, 40967, 40975, 40975, 40983, 40991, 40999, 41007, 41007, 41216, 41216, 41224, 41232, 41240, 41248, 41248, 41256, 41687, 41687, 41687, 41687, 41687, 41687, 41687, 41687, 41984, 41984, 41984, 41984, 41984, 41984, 41984, 41984, 42112, 42112, 42112, 42112, 42120, 42120, 42112, 42120, 42272, 42272, 42272, 42272, 42272, 42272, 42272, 42272, 42471, 42471, 42479, 42487, 42495, 42503, 42503, 42511, 42609, 42609, 42609, 42609, 42609, 42609, 42609, 42609, 42681, 42681, 42681, 42681, 42681, 42681, 42681, 42681, 42787, 42787, 42787, 42787, 42787, 42787, 42787, 42787, 42805, 42805, 42813, 42821, 42829, 42837, 42845, 42845, 42852, 42868, 42876, 42892, 42892, 42876, 42868, 42852, 42821, 42821, 42829, 42837, 42837, 42845, 42853, 42853, 42869, 42869, 42869, 42869, 42869, 42869, 42869, 42869, 42916, 42916, 42924, 42932, 42940, 42948, 42948, 42956, 43031, 43031, 43023, 43016, 43008, 43001, 42998, 42992, 43053, 43053, 43061, 43069, 43077, 43085, 43085, 43093, 43124, 43124, 43140, 43156, 43164, 43180, 43196, 43196, 43273, 43273, 43273, 43273, 43273, 43273, 43273, 43273, 43223, 43223, 43223, 43223, 43223, 43223, 43223, 43223, 43216, 43216, 43216, 43216, 43216, 43216, 43216, 43216, 43302, 43302, 43302, 43302, 43302, 43302, 43302, 43302, 43575, 43575, 43575, 43575, 43575, 43575, 43575, 43575, 43559, 43559, 43559, 43559, 43559, 43559, 43559, 43559, 43797, 43797, 43797, 43797, 43797, 43797, 43797, 43797, 43748, 43748, 43756, 43764, 43764, 43772, 43780, 43780, 43758, 43758, 43766, 43774, 43782, 43790, 43790, 43798, 44147, 44143, 44131, 44115, 44107, 44091, 44079, 44075, 44216, 44216, 44216, 44216, 44216, 44216, 44216, 44216, 44285, 44286, 44294, 44301, 44309, 44318, 44326, 44325, 44406, 44406, 44390, 44374, 44366, 44350, 44342, 44334, 44256, 44251, 44256, 44255, 44255, 44256, 44251, 44256, 44308, 44304, 44300, 44292, 44284, 44276, 44272, 44268, 44186, 44203, 44229, 44250, 44242, 44207, 44170, 44146, 43768, 43768, 43768, 43768, 43768, 43768, 43768, 43768, 43580, 43580, 43572, 43564, 43564, 43556, 43548, 43548, 43325, 43322, 43317, 43309, 43301, 43295, 43289, 43285, 43083, 43083, 43075, 43067, 43059, 43051, 43043, 43043, 42939, 42915, 42883, 42851, 42843, 42859, 42883, 42899, 42535, 42527, 42527, 42519, 42511, 42503, 42495, 42495, 42507, 42507, 42491, 42475, 42467, 42451, 42435, 42435, 42122, 42122, 42122, 42122, 42122, 42122, 42122, 42122, 41860, 41860, 41860, 41860, 41860, 41860, 41860, 41860, 41592, 41592, 41584, 41576, 41576, 41568, 41560, 41560, 41148, 41140, 41140, 41132, 41124, 41116, 41108, 41108, 40883, 40883, 40883, 40883, 40883, 40883, 40883, 40883, 40584, 40576, 40576, 40568, 40560, 40552, 40544, 40544, 40248, 40232, 40232, 40216, 40200, 40184, 40168, 40168, 39784, 39784, 39784, 39784, 39784, 39784, 39784, 39784, 39512, 39512, 39512, 39512, 39512, 39512, 39512, 39512, 39224, 39224, 39224, 39224, 39224, 39224, 39224, 39224, 38992, 38992, 38992, 38992, 38992, 38992, 38992, 38992, 38816, 38816, 38816, 38816, 38816, 38816, 38816, 38816, 38696, 38696, 38696, 38696, 38696, 38696, 38696, 38696, 38344, 38344, 38344, 38344, 38344, 38344, 38344, 38344, 38160, 38160, 38160, 38160, 38160, 38160, 38160, 38160, 38019, 38019, 38019, 38019, 38019, 38019, 38019, 38019, 37800, 37800, 37800, 37800, 37800, 37800, 37800, 37800, 37664, 37664, 37664, 37664, 37664, 37664, 37664, 37664, 37560, 37568, 37584, 37600, 37600, 37584, 37568, 37560, 37360, 37360, 37360, 37360, 37360, 37360, 37360, 37360, 37248, 37248, 37248, 37248, 37248, 37248, 37248, 37248, 37200, 37200, 37200, 37200, 37200, 37200, 37200, 37200, 37200, 37200, 37200, 37200, 37200, 37200, 37200, 37200, 37168, 37168, 37168, 37168, 37168, 37168, 37168, 37168, 37072, 37072, 37072, 37072, 37072, 37072, 37072, 37072, 37072, 37072, 37072, 37072, 37072, 37072, 37072, 37072, 36928, 36928, 36928, 36928, 36928, 36928, 36928, 36928, 36896, 36896, 36896, 36896, 36896, 36896, 36896, 36896, 36816, 36816, 36816, 36816, 36816, 36816, 36816, 36816, 36800, 36800, 36800, 36800, 36800, 36800, 36800, 36800, 36800, 36800, 36800, 36800, 36800, 36800, 36800, 36800, 36800, 36800, 36800, 36800, 36800, 36800, 36800, 36800, 36800, 36800, 36800, 36800, 36800, 36800, 36800, 36800, 36800, 36800, 36800, 36800, 36800, 36800, 36800, 36800, 36800, 36800, 36800, 36800, 36800, 36800, 36800, 36800, 36800, 36800, 36800, 36800, 36800, 36800, 36800, 36800, 36800, 36800, 36800, 36800, 36800, 36800, 36800, 36800, 36800, 36800, 36800, 36800, 36800, 36800, 36800, 36800, 36800, 36800, 36800, 36800, 36800, 36800, 36800, 36800, 36800, 36800, 36800, 36800, 36800, 36800, 36800, 36800, 36800, 36800, 36800, 36800, 36800, 36800, 36800, 36800, 36800, 36800, 36800, 36800, 36800, 36800, 36800, 36800, 36800, 36800, 36800, 36800, 36800, 36800, 36800, 36800, 36800, 36800, 36800, 36800, 36800, 36800, 36800, 36800, 36800, 36800, 36800, 36800, 36800, 36800, 36800, 36800, 36800, 36800, 36800, 36800, 36800, 36800, 36800, 36800, 36800, 36800, 36800, 36800, 36800, 36800, 36800, 36800, 36800, 36800, 36800, 36800, 36800, 36800, 36800, 36800, 36800, 36800, 36800, 36800, 36800, 36800, 36800, 36800, 36800, 36800, 36800, 36800, 36800, 36800, 36800, 36800, 36800, 36800, 36800, 36800, 36800, 36800, 36800, 36800, 36800, 36800, 36800, 36800, 36800, 36800, 36800, 36800, 36800, 36800, 36800, 36800, 36800, 36800, 36800, 36800, 36800, 36800, 36800, 36800, 36800, 36800, 36800, 36800, 36800, 36800, 36800, 36800, 36800, 36800, 36800, 36800, 36800, 36800, 36800, 36800, 36800, 36800, 36800, 36800, 36800, 36800, 36800, 36800, 36800, 36800, 36800, 36800, 36800, 36800, 36800, 36800, 36800, 36800, 36800, 36800, 36800, 36800, 36800, 36800, 36800, 36800, 36800, 36800, 36800, 36800, 36800, 36800, 36800, 36800, 36800, 36800, 36800, 36800, 36800, 36800, 36800, 36800, 36800, 36800, 36800, 36800, 36800, 36800, 36800, 36800, 36800, 36800, 36800, 36800, 36800, 36800, 36800,