{"hab_spec": {"Source": "Water", "Lat": 28.2097575, "Lon": -82.363926167, "GPS_Alt": 22.8, "GPS_UTC": "03:49:20", "GPS_Nsat_Inview": 6, "GPS_Status": 3, "DateTime": "2023-0718-034921.638", "Exposure": 500.0, "sat_pix_n": 0, "Pix_minv": 36800, "Pix_maxv": 44175, "summed_rows": 800, "spectra": [36800, 36800, 36800, 36800, 36800, 36800, 36800, 36800, 36800, 36800, 36800, 36800, 36800, 36800, 36800, 36800, 36800, 36800, 36800, 36800, 36800, 36800, 36800, 36800, 36800, 36800, 36800, 36800, 36800, 36800, 36800, 36800, 36800, 36800, 36800, 36800, 36800, 36800, 36800, 36800, 36800, 36800, 36800, 36800, 36800, 36800, 36800, 36800, 36800, 36800, 36800, 36800, 36800, 36800, 36800, 36800, 36800, 36800, 36800, 36800, 36800, 36800, 36800, 36800, 36816, 36816, 36816, 36816, 36816, 36816, 36816, 36816, 37088, 37088, 37088, 37088, 37088, 37088, 37088, 37088, 37296, 37296, 37296, 37296, 37296, 37296, 37296, 37296, 37848, 37848, 37896, 37944, 37976, 38024, 38040, 38072, 38400, 38400, 38440, 38480, 38496, 38536, 38560, 38576, 39088, 39128, 39152, 39216, 39280, 39344, 39384, 39408, 40616, 40656, 40728, 40840, 40944, 41056, 41128, 41168, 41798, 41830, 41918, 42038, 42118, 42238, 42350, 42358, 42867, 42867, 42907, 42947, 42987, 43027, 43059, 43067, 43028, 43028, 43028, 43028, 43028, 43028, 43028, 43028, 42627, 42619, 42579, 42531, 42483, 42435, 42395, 42387, 41972, 41964, 41948, 41924, 41900, 41876, 41860, 41852, 41099, 41083, 41083, 41067, 41051, 41035, 41019, 41019, 40467, 40459, 40459, 40451, 40443, 40435, 40427, 40427, 40056, 40048, 40024, 39992, 39960, 39928, 39896, 39896, 39544, 39544, 39544, 39544, 39544, 39544, 39544, 39544, 39272, 39272, 39272, 39272, 39272, 39272, 39272, 39272, 39024, 39024, 39024, 39024, 39024, 39024, 39024, 39024, 39024, 39024, 39024, 39024, 39024, 39024, 39024, 39024, 39088, 39088, 39088, 39088, 39088, 39088, 39088, 39088, 39120, 39120, 39128, 39136, 39144, 39152, 39160, 39160, 39376, 39376, 39384, 39392, 39400, 39408, 39416, 39416, 39584, 39584, 39584, 39584, 39584, 39584, 39584, 39584, 39995, 39995, 40003, 40011, 40019, 40027, 40027, 40035, 40062, 40062, 40062, 40062, 40062, 40062, 40062, 40062, 40259, 40259, 40267, 40275, 40283, 40291, 40299, 40299, 40686, 40686, 40686, 40686, 40686, 40686, 40686, 40686, 40907, 40931, 40955, 40995, 41011, 41019, 41027, 41019, 41401, 41401, 41409, 41417, 41425, 41433, 41441, 41441, 41727, 41727, 41735, 41743, 41751, 41759, 41767, 41767, 41964, 41964, 41964, 41964, 41964, 41964, 41964, 41964, 42116, 42116, 42116, 42116, 42116, 42116, 42116, 42116, 42333, 42333, 42333, 42333, 42333, 42333, 42333, 42333, 42460, 42460, 42460, 42460, 42460, 42460, 42460, 42460, 42504, 42504, 42504, 42504, 42504, 42504, 42504, 42504, 42577, 42575, 42573, 42577, 42577, 42573, 42575, 42577, 42676, 42676, 42676, 42676, 42676, 42676, 42676, 42676, 42661, 42661, 42653, 42645, 42637, 42629, 42621, 42621, 42668, 42668, 42668, 42668, 42668, 42668, 42668, 42668, 42725, 42725, 42725, 42725, 42725, 42725, 42725, 42725, 42857, 42849, 42849, 42841, 42833, 42825, 42817, 42817, 42816, 42808, 42808, 42800, 42792, 42784, 42776, 42776, 42955, 42955, 42955, 42955, 42955, 42955, 42955, 42955, 43048, 43048, 43048, 43048, 43048, 43048, 43048, 43048, 43157, 43157, 43157, 43157, 43157, 43157, 43157, 43157, 43042, 43042, 43050, 43058, 43058, 43066, 43074, 43074, 43108, 43108, 43108, 43108, 43108, 43108, 43108, 43108, 43325, 43324, 43317, 43312, 43304, 43297, 43292, 43289, 43319, 43319, 43319, 43319, 43319, 43319, 43319, 43319, 43375, 43373, 43371, 43375, 43375, 43371, 43373, 43375, 43583, 43575, 43559, 43551, 43551, 43559, 43575, 43583, 43598, 43598, 43598, 43598, 43598, 43598, 43598, 43598, 43847, 43863, 43879, 43903, 43903, 43895, 43895, 43879, 43801, 43801, 43801, 43801, 43801, 43801, 43801, 43801, 43976, 43976, 43992, 44007, 44015, 44030, 44041, 44047, 44175, 44174, 44175, 44174, 44174, 44175, 44174, 44175, 44162, 44162, 44162, 44161, 44163, 44162, 44162, 44162, 44131, 44132, 44140, 44148, 44148, 44155, 44163, 44163, 44059, 44059, 44059, 44059, 44059, 44059, 44059, 44059, 43941, 43926, 43966, 44022, 43984, 43867, 43847, 43920, 43701, 43701, 43693, 43685, 43677, 43669, 43661, 43661, 43570, 43570, 43570, 43570, 43570, 43570, 43570, 43570, 43293, 43285, 43277, 43261, 43245, 43229, 43213, 43213, 43083, 43075, 43075, 43067, 43059, 43051, 43043, 43043, 42854, 42854, 42846, 42839, 42831, 42824, 42821, 42815, 42421, 42421, 42405, 42390, 42374, 42359, 42348, 42342, 42182, 42198, 42206, 42222, 42222, 42206, 42198, 42182, 42136, 42128, 42128, 42120, 42112, 42104, 42096, 42096, 41680, 41680, 41680, 41680, 41680, 41680, 41680, 41680, 41472, 41472, 41472, 41472, 41472, 41472, 41472, 41472, 41155, 41139, 41131, 41107, 41091, 41067, 41043, 41043, 40752, 40752, 40752, 40752, 40752, 40752, 40752, 40752, 40531, 40531, 40531, 40531, 40531, 40531, 40531, 40531, 40112, 40112, 40120, 40128, 40136, 40144, 40144, 40152, 39744, 39744, 39744, 39744, 39744, 39744, 39744, 39744, 39424, 39424, 39416, 39408, 39400, 39392, 39384, 39384, 39208, 39208, 39208, 39208, 39208, 39208, 39208, 39208, 38952, 38952, 38952, 38952, 38952, 38952, 38952, 38952, 38768, 38768, 38768, 38768, 38768, 38768, 38768, 38768, 38632, 38632, 38632, 38632, 38632, 38632, 38632, 38632, 38376, 38376, 38376, 38376, 38376, 38376, 38376, 38376, 38208, 38208, 38208, 38208, 38208, 38208, 38208, 38208, 37928, 37928, 37928, 37928, 37928, 37928, 37928, 37928, 37808, 37808, 37808, 37808, 37808, 37808, 37808, 37808, 37544, 37536, 37536, 37528, 37520, 37512, 37504, 37504, 37520, 37520, 37520, 37520, 37520, 37520, 37520, 37520, 37384, 37376, 37376, 37368, 37360, 37352, 37344, 37344, 37312, 37312, 37312, 37312, 37312, 37312, 37312, 37312, 37232, 37232, 37232, 37232, 37232, 37232, 37232, 37232, 37200, 37200, 37200, 37200, 37200, 37200, 37200, 37200, 37152, 37152, 37152, 37152, 37152, 37152, 37152, 37152, 37104, 37104, 37104, 37104, 37104, 37104, 37104, 37104, 37072, 37072, 37072, 37072, 37072, 37072, 37072, 37072, 37008, 37008, 37008, 37008, 37008, 37008, 37008, 37008, 36912, 36912, 36912, 36912, 36912, 36912, 36912, 36912, 36864, 36864, 36864, 36864, 36864, 36864, 36864, 36864, 36800, 36800, 36800, 36800, 36800, 36800, 36800, 36800, 36800, 36800, 36800, 36800, 36800, 36800, 36800, 36800, 36800, 36800, 36800, 36800, 36800, 36800, 36800, 36800, 36800, 36800, 36800, 36800, 36800, 36800, 36800, 36800, 36800, 36800, 36800, 36800, 36800, 36800, 36800, 36800, 36800, 36800, 36800, 36800, 36800, 36800, 36800, 36800, 36800, 36800, 36800, 36800, 36800, 36800, 36800, 36800, 36800, 36800, 36800, 36800, 36800, 36800, 36800, 36800, 36800, 36800, 36800, 36800, 36800, 36800, 36800, 36800, 36800, 36800, 36800, 36800, 36800, 36800, 36800, 36800, 36800, 36800, 36800, 36800, 36800, 36800, 36800, 36800, 36800, 36800, 36800, 36800, 36800, 36800, 36800, 36800, 36800, 36800, 36800, 36800, 36800, 36800, 36800, 36800, 36800, 36800, 36800, 36800, 36800, 36800, 36800, 36800, 36800, 36800, 36800, 36800, 36800, 36800, 36800, 36800, 36800, 36800, 36800, 36800, 36800, 36800, 36800, 36800, 36800, 36800, 36800, 36800, 36800, 36800, 36800, 36800, 36800, 36800, 36800, 36800, 36800, 36800, 36800, 36800, 36800, 36800, 36800, 36800, 36800, 36800, 36800, 36800, 36800, 36800, 36800, 36800, 36800, 36800, 36800, 36800, 36800, 36800, 36800, 36800, 36800, 36800, 36800, 36800, 36800, 36800, 36800, 36800, 36800, 36800, 36800, 36800, 36800, 36800, 36800, 36800, 36800, 36800, 36800, 36800, 36800, 36800, 36800, 36800, 36800, 36800, 36800, 36800, 36800, 36800, 36800, 36800, 36800, 36800, 36800, 36800, 36800, 36800, 36800, 36800, 36800, 36800, 36800, 36800, 36800, 36800, 36800, 36800, 36800, 36800, 36800, 36800, 36800, 36800, 36800, 36800, 36800, 36800, 36800, 36800, 36800, 36800, 36800, 36800, 36800, 36800, 36800, 36800, 36800, 36800, 36800, 36800, 36800, 36800, 36800, 36800, 36800, 36800, 36800, 36800, 36800, 36800, 36800, 36800, 36800, 36800, 36800, 36800, 36800, 36800, 36800, 36800, 36800, 36800, 36800, 36800, 36800, 36800, 36800, 36800, 36800, 36800, 36800, 36800, 36800,