{"hab_spec": {"Source": "Water", "Lat": 28.209752667, "Lon": -82.363931, "GPS_Alt": 22.5, "GPS_UTC": "03:49:06", "GPS_Nsat_Inview": 6, "GPS_Status": 3, "DateTime": "2023-0718-034908.332", "Exposure": 500.0, "sat_pix_n": 0, "Pix_minv": 36776, "Pix_maxv": 44373, "summed_rows": 800, "spectra": [36800, 36800, 36800, 36800, 36800, 36800, 36800, 36800, 36800, 36800, 36800, 36800, 36800, 36800, 36800, 36800, 36800, 36800, 36800, 36800, 36800, 36800, 36800, 36800, 36800, 36800, 36800, 36800, 36800, 36800, 36800, 36800, 36800, 36800, 36800, 36800, 36800, 36800, 36800, 36800, 36800, 36800, 36800, 36800, 36800, 36800, 36800, 36800, 36800, 36800, 36800, 36800, 36800, 36800, 36800, 36800, 36800, 36800, 36800, 36800, 36800, 36800, 36800, 36800, 36832, 36832, 36832, 36832, 36832, 36832, 36832, 36832, 37120, 37120, 37120, 37120, 37120, 37120, 37120, 37120, 37328, 37328, 37336, 37344, 37352, 37360, 37360, 37368, 37888, 37888, 37904, 37920, 37928, 37944, 37952, 37960, 38424, 38424, 38440, 38456, 38464, 38480, 38488, 38496, 39044, 39084, 39148, 39251, 39347, 39450, 39509, 39555, 40535, 40571, 40649, 40759, 40871, 40981, 41037, 41093, 41965, 41965, 42029, 42117, 42173, 42277, 42357, 42397, 42797, 42811, 42838, 42877, 42917, 42956, 42996, 42996, 43123, 43123, 43123, 43123, 43123, 43123, 43123, 43123, 42862, 42844, 42798, 42736, 42672, 42610, 42564, 42546, 41988, 41972, 41964, 41940, 41916, 41892, 41868, 41868, 41200, 41168, 41160, 41120, 41080, 41040, 41000, 41000, 40475, 40475, 40491, 40499, 40491, 40467, 40443, 40435, 40099, 40099, 40067, 40035, 40003, 39971, 39947, 39939, 39608, 39608, 39600, 39592, 39584, 39576, 39568, 39568, 39256, 39256, 39256, 39256, 39256, 39256, 39256, 39256, 39081, 39082, 39081, 39082, 39082, 39081, 39082, 39081, 39048, 39048, 39048, 39048, 39048, 39048, 39048, 39048, 39112, 39112, 39112, 39112, 39112, 39112, 39112, 39112, 39248, 39248, 39248, 39248, 39248, 39248, 39248, 39248, 39267, 39275, 39275, 39283, 39291, 39299, 39307, 39307, 39536, 39544, 39544, 39552, 39560, 39568, 39576, 39576, 39908, 39908, 39908, 39908, 39908, 39908, 39908, 39908, 40072, 40072, 40080, 40088, 40096, 40104, 40104, 40112, 40320, 40320, 40328, 40336, 40344, 40352, 40352, 40360, 40840, 40832, 40832, 40824, 40816, 40808, 40800, 40800, 40966, 40966, 40966, 40966, 40966, 40966, 40966, 40966, 41439, 41439, 41439, 41439, 41439, 41439, 41439, 41439, 41784, 41784, 41784, 41784, 41784, 41784, 41784, 41784, 42000, 42000, 42000, 42000, 42000, 42000, 42000, 42000, 42101, 42101, 42101, 42101, 42101, 42101, 42101, 42101, 42297, 42289, 42281, 42281, 42289, 42305, 42329, 42337, 42421, 42421, 42421, 42421, 42413, 42413, 42413, 42413, 42488, 42488, 42488, 42488, 42488, 42488, 42488, 42488, 42551, 42559, 42575, 42591, 42591, 42575, 42559, 42551, 42629, 42629, 42629, 42629, 42629, 42629, 42629, 42629, 42626, 42626, 42626, 42626, 42626, 42626, 42626, 42626, 42658, 42658, 42674, 42690, 42706, 42722, 42738, 42738, 42738, 42726, 42710, 42700, 42700, 42710, 42726, 42738, 42848, 42848, 42848, 42848, 42848, 42848, 42848, 42848, 42874, 42866, 42850, 42842, 42842, 42850, 42866, 42874, 42883, 42881, 42895, 42915, 42923, 42935, 42945, 42955, 42965, 42996, 43022, 43054, 43062, 43044, 43029, 43004, 43146, 43146, 43146, 43146, 43146, 43146, 43146, 43146, 43117, 43115, 43113, 43117, 43117, 43113, 43115, 43117, 43228, 43228, 43228, 43228, 43228, 43228, 43228, 43228, 43247, 43247, 43247, 43247, 43247, 43247, 43247, 43247, 43356, 43356, 43372, 43388, 43396, 43412, 43428, 43428, 43437, 43437, 43437, 43437, 43437, 43437, 43437, 43437, 43642, 43642, 43658, 43666, 43674, 43698, 43714, 43714, 43640, 43640, 43640, 43640, 43640, 43640, 43640, 43640, 43816, 43808, 43792, 43784, 43784, 43792, 43808, 43816, 43935, 43935, 43943, 43951, 43951, 43959, 43967, 43967, 44054, 44054, 44054, 44054, 44054, 44054, 44054, 44054, 44262, 44262, 44278, 44294, 44302, 44318, 44326, 44334, 44301, 44285, 44285, 44293, 44301, 44325, 44349, 44373, 44257, 44255, 44233, 44211, 44187, 44165, 44151, 44141, 44152, 44152, 44144, 44137, 44129, 44122, 44119, 44113, 44013, 44021, 44030, 44033, 44025, 44009, 43988, 43973, 43671, 43671, 43663, 43656, 43648, 43641, 43638, 43632, 43535, 43525, 43519, 43505, 43489, 43475, 43461, 43459, 43227, 43227, 43227, 43227, 43227, 43227, 43227, 43227, 43125, 43109, 43101, 43077, 43061, 43037, 43013, 43013, 42808, 42800, 42800, 42792, 42784, 42776, 42768, 42768, 42553, 42553, 42545, 42537, 42529, 42521, 42513, 42513, 42300, 42300, 42300, 42300, 42300, 42300, 42300, 42300, 42126, 42126, 42126, 42126, 42126, 42126, 42126, 42126, 41900, 41900, 41900, 41900, 41900, 41900, 41900, 41900, 41580, 41572, 41572, 41564, 41556, 41548, 41540, 41540, 41200, 41200, 41200, 41200, 41200, 41200, 41200, 41200, 40795, 40787, 40771, 40747, 40723, 40699, 40675, 40675, 40496, 40496, 40480, 40464, 40448, 40432, 40416, 40416, 40148, 40140, 40140, 40132, 40124, 40116, 40108, 40108, 39876, 39876, 39868, 39860, 39852, 39844, 39844, 39836, 39528, 39528, 39528, 39528, 39528, 39528, 39528, 39528, 39208, 39208, 39200, 39192, 39184, 39176, 39176, 39168, 38992, 38992, 38992, 38992, 38992, 38992, 38992, 38992, 38752, 38752, 38752, 38752, 38752, 38752, 38752, 38752, 38595, 38595, 38595, 38595, 38595, 38595, 38595, 38595, 38387, 38387, 38387, 38387, 38387, 38387, 38387, 38387, 38168, 38168, 38168, 38168, 38168, 38168, 38168, 38168, 38011, 38011, 38011, 38011, 38011, 38011, 38011, 38011, 37776, 37768, 37768, 37760, 37752, 37744, 37736, 37736, 37544, 37544, 37544, 37544, 37544, 37544, 37544, 37544, 37488, 37488, 37488, 37488, 37488, 37488, 37488, 37488, 37384, 37384, 37384, 37384, 37384, 37384, 37384, 37384, 37296, 37296, 37296, 37296, 37296, 37296, 37296, 37296, 37248, 37248, 37248, 37248, 37248, 37248, 37248, 37248, 37200, 37200, 37200, 37200, 37200, 37200, 37200, 37200, 37168, 37168, 37168, 37168, 37168, 37168, 37168, 37168, 37072, 37072, 37072, 37072, 37072, 37072, 37072, 37072, 37040, 37040, 37040, 37040, 37040, 37040, 37040, 37040, 36928, 36928, 36928, 36928, 36928, 36928, 36928, 36928, 36864, 36864, 36864, 36864, 36864, 36864, 36864, 36864, 36832, 36832, 36832, 36832, 36832, 36832, 36832, 36832, 36816, 36816, 36816, 36816, 36816, 36816, 36816, 36816, 36816, 36816, 36816, 36816, 36816, 36816, 36816, 36816, 36800, 36800, 36800, 36800, 36800, 36800, 36800, 36800, 36800, 36800, 36800, 36800, 36800, 36800, 36800, 36800, 36800, 36800, 36800, 36800, 36800, 36800, 36800, 36800, 36800, 36800, 36800, 36800, 36800, 36800, 36800, 36800, 36800, 36800, 36800, 36800, 36800, 36800, 36800, 36800, 36800, 36800, 36800, 36800, 36800, 36800, 36800, 36800, 36800, 36800, 36800, 36800, 36800, 36800, 36800, 36800, 36800, 36800, 36800, 36800, 36800, 36800, 36800, 36800, 36800, 36800, 36800, 36800, 36800, 36800, 36800, 36800, 36800, 36800, 36800, 36800, 36800, 36800, 36800, 36800, 36800, 36800, 36800, 36800, 36800, 36800, 36800, 36800, 36800, 36800, 36800, 36800, 36800, 36800, 36800, 36800, 36776, 36776, 36776, 36776, 36776, 36776, 36776, 36776, 36800, 36800, 36800, 36800, 36800, 36800, 36800, 36800, 36800, 36800, 36800, 36800, 36800, 36800, 36800, 36800, 36800, 36800, 36800, 36800, 36800, 36800, 36800, 36800, 36800, 36800, 36800, 36800, 36800, 36800, 36800, 36800, 36800, 36800, 36800, 36800, 36800, 36800, 36800, 36800, 36800, 36800, 36800, 36800, 36800, 36800, 36800, 36800, 36800, 36800, 36800, 36800, 36800, 36800, 36800, 36800, 36800, 36800, 36800, 36800, 36800, 36800, 36800, 36800, 36800, 36800, 36800, 36800, 36800, 36800, 36800, 36800, 36800, 36800, 36800, 36800, 36800, 36800, 36800, 36800, 36800, 36800, 36800, 36800, 36800, 36800, 36800, 36800, 36800, 36800, 36800, 36800, 36800, 36800, 36800, 36800, 36800, 36800, 36800, 36800, 36800, 36800, 36800, 36800, 36800, 36800, 36800, 36800, 36800, 36800, 36800, 36800, 36800, 36800, 36800, 36800, 36800, 36800, 36800, 36800, 36800, 36800, 36800, 36800, 36800, 36800, 36800, 36800, 36800, 36800, 36800, 36800, 36800, 36800, 36800, 36800, 36800, 36800, 36800, 36800, 36800, 36800, 36800, 36800, 36800, 36800, 36800, 36800, 36800, 