{"hab_spec": {"Source": "Water", "Lat": 28.209754833, "Lon": -82.363929, "GPS_Alt": 22.3, "GPS_UTC": "03:49:10", "GPS_Nsat_Inview": 6, "GPS_Status": 3, "DateTime": "2023-0718-034911.500", "Exposure": 500.0, "sat_pix_n": 0, "Pix_minv": 36800, "Pix_maxv": 44223, "summed_rows": 800, "spectra": [36800, 36800, 36800, 36800, 36800, 36800, 36800, 36800, 36800, 36800, 36800, 36800, 36800, 36800, 36800, 36800, 36800, 36800, 36800, 36800, 36800, 36800, 36800, 36800, 36800, 36800, 36800, 36800, 36800, 36800, 36800, 36800, 36800, 36800, 36800, 36800, 36800, 36800, 36800, 36800, 36800, 36800, 36800, 36800, 36800, 36800, 36800, 36800, 36800, 36800, 36800, 36800, 36800, 36800, 36800, 36800, 36800, 36800, 36800, 36800, 36800, 36800, 36800, 36800, 36848, 36848, 36848, 36848, 36848, 36848, 36848, 36848, 37040, 37040, 37040, 37040, 37040, 37040, 37040, 37040, 37376, 37376, 37376, 37376, 37376, 37376, 37376, 37376, 37864, 37864, 37880, 37896, 37912, 37928, 37928, 37944, 38376, 38376, 38424, 38472, 38496, 38544, 38568, 38592, 39168, 39184, 39208, 39248, 39288, 39328, 39352, 39368, 40584, 40600, 40704, 40824, 40920, 41040, 41104, 41160, 41892, 41914, 42029, 42164, 42252, 42387, 42499, 42523, 42918, 42918, 42934, 42950, 42966, 42982, 42982, 42998, 43096, 43096, 43088, 43080, 43080, 43072, 43064, 43064, 42755, 42747, 42723, 42691, 42667, 42635, 42619, 42603, 42005, 41997, 41981, 41957, 41941, 41917, 41893, 41893, 41232, 41216, 41184, 41136, 41088, 41040, 40992, 40992, 40500, 40484, 40468, 40444, 40436, 40444, 40452, 40460, 40056, 40056, 40040, 40024, 40008, 39992, 39976, 39976, 39552, 39552, 39544, 39536, 39528, 39520, 39512, 39512, 39288, 39288, 39288, 39288, 39288, 39288, 39288, 39288, 39024, 39024, 39024, 39024, 39024, 39024, 39024, 39024, 39000, 39000, 39000, 39000, 39000, 39000, 39000, 39000, 39136, 39136, 39136, 39136, 39136, 39136, 39136, 39136, 39312, 39304, 39304, 39296, 39288, 39280, 39272, 39272, 39296, 39296, 39296, 39296, 39296, 39296, 39296, 39296, 39604, 39612, 39612, 39620, 39628, 39636, 39644, 39644, 39898, 39900, 39906, 39912, 39920, 39926, 39932, 39934, 40128, 40128, 40128, 40128, 40128, 40128, 40128, 40128, 40312, 40312, 40312, 40312, 40312, 40312, 40312, 40312, 40703, 40703, 40719, 40735, 40743, 40759, 40767, 40775, 41037, 41037, 41045, 41053, 41061, 41069, 41069, 41077, 41368, 41368, 41384, 41400, 41408, 41424, 41432, 41440, 41811, 41811, 41811, 41811, 41811, 41811, 41811, 41811, 41981, 41981, 41989, 41997, 41997, 42005, 42013, 42013, 42101, 42101, 42101, 42101, 42101, 42101, 42101, 42101, 42330, 42330, 42330, 42330, 42330, 42330, 42330, 42330, 42420, 42420, 42420, 42420, 42420, 42420, 42420, 42420, 42583, 42583, 42583, 42583, 42583, 42583, 42583, 42583, 42569, 42569, 42569, 42569, 42569, 42569, 42569, 42569, 42634, 42634, 42634, 42634, 42634, 42634, 42634, 42634, 42721, 42721, 42721, 42721, 42721, 42721, 42721, 42721, 42629, 42637, 42637, 42645, 42653, 42661, 42669, 42669, 42783, 42783, 42783, 42783, 42783, 42783, 42783, 42783, 42812, 42812, 42812, 42812, 42812, 42812, 42812, 42812, 42868, 42868, 42868, 42868, 42868, 42868, 42868, 42868, 42957, 42957, 42957, 42957, 42957, 42957, 42957, 42957, 43008, 43008, 43008, 43008, 43008, 43008, 43008, 43008, 43124, 43111, 43125, 43112, 43088, 43053, 43015, 43004, 43094, 43094, 43094, 43094, 43094, 43094, 43094, 43094, 43256, 43256, 43256, 43256, 43256, 43256, 43256, 43256, 43241, 43241, 43241, 43241, 43241, 43241, 43241, 43241, 43376, 43376, 43384, 43392, 43400, 43408, 43408, 43416, 43536, 43536, 43536, 43536, 43536, 43536, 43536, 43536, 43601, 43601, 43601, 43601, 43601, 43601, 43601, 43601, 43606, 43606, 43606, 43606, 43606, 43606, 43606, 43606, 43857, 43865, 43889, 43905, 43905, 43905, 43897, 43889, 44087, 44087, 44079, 44071, 44063, 44055, 44055, 44047, 43982, 43974, 43974, 43966, 43966, 43958, 43942, 43950, 44217, 44223, 44218, 44218, 44218, 44218, 44223, 44217, 44120, 44120, 44120, 44120, 44120, 44120, 44120, 44120, 44190, 44187, 44186, 44188, 44188, 44189, 44189, 44187, 44028, 44028, 44028, 44028, 44028, 44028, 44028, 44028, 44087, 44098, 44113, 44123, 44123, 44113, 44098, 44087, 43805, 43803, 43797, 43791, 43783, 43777, 43771, 43769, 43533, 43533, 43525, 43517, 43517, 43509, 43501, 43501, 43335, 43335, 43335, 43335, 43335, 43335, 43335, 43335, 43128, 43120, 43112, 43096, 43080, 43064, 43048, 43048, 42851, 42843, 42835, 42819, 42811, 42795, 42779, 42779, 42610, 42602, 42602, 42594, 42586, 42578, 42570, 42570, 42287, 42287, 42287, 42287, 42287, 42287, 42287, 42287, 42044, 42044, 42036, 42028, 42028, 42020, 42012, 42012, 41744, 41744, 41744, 41744, 41744, 41744, 41744, 41744, 41412, 41412, 41412, 41412, 41412, 41412, 41412, 41412, 41120, 41120, 41120, 41120, 41120, 41120, 41120, 41120, 40792, 40784, 40784, 40776, 40768, 40760, 40752, 40752, 40372, 40372, 40372, 40372, 40372, 40372, 40372, 40372, 40112, 40104, 40096, 40080, 40064, 40048, 40032, 40032, 39804, 39796, 39796, 39788, 39780, 39772, 39764, 39764, 39496, 39496, 39496, 39496, 39496, 39496, 39496, 39496, 39352, 39344, 39344, 39336, 39328, 39320, 39312, 39312, 38952, 38952, 38952, 38952, 38952, 38952, 38952, 38952, 38752, 38752, 38752, 38752, 38752, 38752, 38752, 38752, 38584, 38584, 38584, 38584, 38584, 38584, 38584, 38584, 38320, 38320, 38320, 38320, 38320, 38320, 38320, 38320, 38128, 38128, 38128, 38128, 38128, 38128, 38128, 38128, 37928, 37928, 37928, 37928, 37928, 37928, 37928, 37928, 37888, 37888, 37888, 37888, 37888, 37888, 37888, 37888, 37536, 37536, 37536, 37536, 37536, 37536, 37536, 37536, 37536, 37536, 37536, 37536, 37536, 37536, 37536, 37536, 37312, 37312, 37312, 37312, 37312, 37312, 37312, 37312, 37248, 37248, 37248, 37248, 37248, 37248, 37248, 37248, 37216, 37216, 37216, 37216, 37216, 37216, 37216, 37216, 37232, 37232, 37232, 37232, 37232, 37232, 37232, 37232, 37136, 37136, 37136, 37136, 37136, 37136, 37136, 37136, 37088, 37088, 37088, 37088, 37088, 37088, 37088, 37088, 37040, 37040, 37040, 37040, 37040, 37040, 37040, 37040, 36976, 36976, 36976, 36976, 36976, 36976, 36976, 36976, 36848, 36848, 36848, 36848, 36848, 36848, 36848, 36848, 36816, 36816, 36816, 36816, 36816, 36816, 36816, 36816, 36816, 36816, 36816, 36816, 36816, 36816, 36816, 36816, 36800, 36800, 36800, 36800, 36800, 36800, 36800, 36800, 36800, 36800, 36800, 36800, 36800, 36800, 36800, 36800, 36800, 36800, 36800, 36800, 36800, 36800, 36800, 36800, 36800, 36800, 36800, 36800, 36800, 36800, 36800, 36800, 36800, 36800, 36800, 36800, 36800, 36800, 36800, 36800, 36800, 36800, 36800, 36800, 36800, 36800, 36800, 36800, 36800, 36800, 36800, 36800, 36800, 36800, 36800, 36800, 36800, 36800, 36800, 36800, 36800, 36800, 36800, 36800, 36800, 36800, 36800, 36800, 36800, 36800, 36800, 36800, 36800, 36800, 36800, 36800, 36800, 36800, 36800, 36800, 36800, 36800, 36800, 36800, 36800, 36800, 36800, 36800, 36800, 36800, 36800, 36800, 36800, 36800, 36800, 36800, 36800, 36800, 36800, 36800, 36800, 36800, 36800, 36800, 36800, 36800, 36800, 36800, 36800, 36800, 36800, 36800, 36800, 36800, 36800, 36800, 36800, 36800, 36800, 36800, 36800, 36800, 36800, 36800, 36800, 36800, 36800, 36800, 36800, 36800, 36800, 36800, 36800, 36800, 36800, 36800, 36800, 36800, 36800, 36800, 36800, 36800, 36800, 36800, 36800, 36800, 36800, 36800, 36800, 36800, 36800, 36800, 36800, 36800, 36800, 36800, 36800, 36800, 36800, 36800, 36800, 36800, 36800, 36800, 36800, 36800, 36800, 36800, 36800, 36800, 36800, 36800, 36800, 36800, 36800, 36800, 36800, 36800, 36800, 36800, 36800, 36800, 36800, 36800, 36800, 36800, 36800, 36800, 36800, 36800, 36800, 36800, 36800, 36800, 36800, 36800, 36800, 36800, 36800, 36800, 36800, 36800, 36800, 36800, 36800, 36800, 36800, 36800, 36800, 36800, 36800, 36800, 36800, 36800, 36800, 36800, 36800, 36800, 36800, 36800, 36800, 36800, 36800, 36800, 36800, 36800, 36800, 36800, 36800, 36800, 36800, 36800, 36800, 36800, 36800, 36800, 36800, 36800, 36800, 36800, 36800, 36800, 36800, 36800, 36800, 36800, 36800, 36800, 36800, 36800, 36800, 36800, 36800, 36800, 36800, 36800, 36800, 36800, 36800, 36800, 36800, 