{"hab_spec": {"Source": "Water", "Lat": 28.2097565, "Lon": -82.363927333, "GPS_Alt": 22.6, "GPS_UTC": "03:49:17", "GPS_Nsat_Inview": 6, "GPS_Status": 3, "DateTime": "2023-0718-034919.248", "Exposure": 500.0, "sat_pix_n": 0, "Pix_minv": 36800, "Pix_maxv": 44179, "summed_rows": 800, "spectra": [36800, 36800, 36800, 36800, 36800, 36800, 36800, 36800, 36800, 36800, 36800, 36800, 36800, 36800, 36800, 36800, 36800, 36800, 36800, 36800, 36800, 36800, 36800, 36800, 36800, 36800, 36800, 36800, 36800, 36800, 36800, 36800, 36800, 36800, 36800, 36800, 36800, 36800, 36800, 36800, 36800, 36800, 36800, 36800, 36800, 36800, 36800, 36800, 36800, 36800, 36800, 36800, 36800, 36800, 36800, 36800, 36800, 36800, 36800, 36800, 36800, 36800, 36800, 36800, 36864, 36864, 36864, 36864, 36864, 36864, 36864, 36864, 37104, 37104, 37104, 37104, 37104, 37104, 37104, 37104, 37312, 37312, 37312, 37312, 37312, 37312, 37312, 37312, 37808, 37808, 37824, 37840, 37856, 37872, 37872, 37888, 38352, 38352, 38400, 38448, 38480, 38528, 38544, 38576, 39110, 39134, 39174, 39238, 39302, 39366, 39398, 39430, 40528, 40544, 40648, 40768, 40888, 41008, 41064, 41128, 41755, 41787, 41883, 42011, 42099, 42227, 42347, 42355, 42916, 42920, 42956, 42996, 43036, 43076, 43104, 43116, 43049, 43049, 43049, 43049, 43049, 43049, 43049, 43049, 42769, 42761, 42729, 42690, 42658, 42619, 42600, 42578, 42044, 42028, 42012, 41980, 41956, 41924, 41892, 41892, 41051, 41043, 40995, 40939, 40915, 40859, 40803, 40803, 40432, 40424, 40416, 40400, 40384, 40368, 40360, 40352, 40048, 40040, 40048, 40024, 39992, 39952, 39904, 39896, 39656, 39656, 39648, 39640, 39632, 39624, 39616, 39616, 39376, 39368, 39368, 39360, 39352, 39344, 39336, 39336, 39056, 39056, 39056, 39056, 39056, 39056, 39056, 39056, 39000, 39000, 39008, 39016, 39024, 39032, 39032, 39040, 39080, 39080, 39080, 39080, 39080, 39080, 39080, 39080, 39192, 39192, 39192, 39192, 39192, 39192, 39192, 39192, 39296, 39296, 39304, 39312, 39320, 39328, 39336, 39336, 39576, 39584, 39600, 39624, 39648, 39672, 39688, 39696, 39860, 39860, 39860, 39860, 39860, 39860, 39860, 39860, 40048, 40048, 40064, 40080, 40096, 40112, 40112, 40128, 40355, 40355, 40355, 40355, 40355, 40355, 40347, 40355, 40619, 40619, 40635, 40651, 40667, 40683, 40691, 40699, 41023, 41023, 41031, 41039, 41039, 41047, 41055, 41055, 41354, 41354, 41354, 41354, 41354, 41354, 41354, 41354, 41744, 41744, 41744, 41744, 41744, 41744, 41744, 41744, 41939, 41939, 41947, 41955, 41963, 41971, 41971, 41979, 42152, 42152, 42152, 42152, 42152, 42152, 42152, 42152, 42255, 42255, 42255, 42255, 42255, 42255, 42255, 42255, 42485, 42485, 42485, 42485, 42485, 42485, 42485, 42485, 42516, 42516, 42516, 42516, 42516, 42516, 42516, 42516, 42507, 42507, 42507, 42507, 42507, 42507, 42507, 42507, 42628, 42628, 42628, 42628, 42628, 42628, 42628, 42628, 42648, 42648, 42648, 42648, 42648, 42648, 42648, 42648, 42633, 42633, 42649, 42665, 42681, 42697, 42705, 42713, 42625, 42625, 42633, 42641, 42649, 42657, 42657, 42665, 42763, 42763, 42771, 42779, 42787, 42795, 42803, 42803, 42795, 42779, 42771, 42755, 42755, 42771, 42779, 42795, 42864, 42864, 42888, 42912, 42936, 42960, 42960, 42984, 43119, 43119, 43119, 43119, 43119, 43119, 43119, 43119, 43116, 43116, 43108, 43100, 43092, 43084, 43076, 43076, 43073, 43073, 43073, 43073, 43073, 43073, 43073, 43073, 43161, 43145, 43145, 43129, 43113, 43097, 43081, 43081, 43261, 43261, 43261, 43261, 43261, 43261, 43261, 43261, 43333, 43326, 43333, 43334, 43334, 43333, 43326, 43333, 43471, 43454, 43431, 43406, 43398, 43391, 43390, 43399, 43647, 43647, 43655, 43663, 43671, 43679, 43679, 43687, 43595, 43595, 43603, 43611, 43619, 43627, 43627, 43635, 43772, 43772, 43772, 43772, 43772, 43772, 43772, 43772, 43848, 43854, 43849, 43848, 43856, 43855, 43855, 43855, 44067, 44067, 44067, 44067, 44067, 44067, 44067, 44067, 44159, 44159, 44159, 44159, 44159, 44159, 44159, 44159, 44179, 44179, 44179, 44179, 44179, 44179, 44179, 44179, 44128, 44141, 44156, 44166, 44166, 44159, 44143, 44125, 44066, 44066, 44066, 44066, 44066, 44066, 44066, 44066, 44026, 44076, 44118, 44111, 44061, 44010, 44000, 43999, 43660, 43660, 43660, 43660, 43668, 43668, 43668, 43668, 43629, 43629, 43629, 43629, 43629, 43629, 43629, 43629, 43319, 43327, 43335, 43343, 43335, 43319, 43295, 43279, 43048, 43048, 43040, 43032, 43024, 43016, 43008, 43008, 42831, 42831, 42823, 42815, 42807, 42799, 42791, 42791, 42520, 42520, 42520, 42520, 42520, 42520, 42520, 42520, 42153, 42161, 42177, 42193, 42193, 42177, 42161, 42153, 42077, 42077, 42061, 42045, 42029, 42013, 41997, 41997, 41892, 41884, 41876, 41860, 41844, 41828, 41820, 41812, 41484, 41484, 41484, 41484, 41484, 41484, 41484, 41484, 41126, 41126, 41110, 41094, 41086, 41070, 41054, 41054, 40856, 40848, 40848, 40840, 40832, 40824, 40816, 40816, 40512, 40512, 40512, 40512, 40512, 40512, 40512, 40512, 40224, 40224, 40216, 40208, 40200, 40192, 40184, 40184, 39768, 39768, 39768, 39768, 39768, 39768, 39768, 39768, 39492, 39492, 39492, 39492, 39492, 39492, 39492, 39492, 39272, 39272, 39272, 39272, 39272, 39272, 39272, 39272, 38952, 38952, 38944, 38936, 38928, 38920, 38920, 38912, 38768, 38768, 38768, 38768, 38768, 38768, 38768, 38768, 38568, 38568, 38568, 38568, 38568, 38568, 38568, 38568, 38392, 38392, 38392, 38392, 38392, 38392, 38392, 38392, 38120, 38120, 38120, 38120, 38120, 38120, 38120, 38120, 37960, 37960, 37960, 37960, 37960, 37960, 37960, 37960, 37816, 37816, 37816, 37816, 37816, 37816, 37816, 37816, 37592, 37592, 37592, 37592, 37592, 37592, 37592, 37592, 37488, 37488, 37488, 37488, 37488, 37488, 37488, 37488, 37417, 37418, 37417, 37418, 37418, 37417, 37418, 37417, 37328, 37328, 37328, 37328, 37328, 37328, 37328, 37328, 37200, 37200, 37200, 37200, 37200, 37200, 37200, 37200, 37248, 37248, 37248, 37248, 37248, 37248, 37248, 37248, 37152, 37152, 37152, 37152, 37152, 37152, 37152, 37152, 37088, 37088, 37088, 37088, 37088, 37088, 37088, 37088, 37056, 37056, 37056, 37056, 37056, 37056, 37056, 37056, 36928, 36928, 36928, 36928, 36928, 36928, 36928, 36928, 36896, 36896, 36896, 36896, 36896, 36896, 36896, 36896, 36816, 36816, 36816, 36816, 36816, 36816, 36816, 36816, 36800, 36800, 36800, 36800, 36800, 36800, 36800, 36800, 36816, 36816, 36816, 36816, 36816, 36816, 36816, 36816, 36816, 36816, 36816, 36816, 36816, 36816, 36816, 36816, 36800, 36800, 36800, 36800, 36800, 36800, 36800, 36800, 36800, 36800, 36800, 36800, 36800, 36800, 36800, 36800, 36800, 36800, 36800, 36800, 36800, 36800, 36800, 36800, 36800, 36800, 36800, 36800, 36800, 36800, 36800, 36800, 36800, 36800, 36800, 36800, 36800, 36800, 36800, 36800, 36800, 36800, 36800, 36800, 36800, 36800, 36800, 36800, 36800, 36800, 36800, 36800, 36800, 36800, 36800, 36800, 36800, 36800, 36800, 36800, 36800, 36800, 36800, 36800, 36800, 36800, 36800, 36800, 36800, 36800, 36800, 36800, 36800, 36800, 36800, 36800, 36800, 36800, 36800, 36800, 36800, 36800, 36800, 36800, 36800, 36800, 36800, 36800, 36800, 36800, 36800, 36800, 36800, 36800, 36800, 36800, 36800, 36800, 36800, 36800, 36800, 36800, 36800, 36800, 36800, 36800, 36800, 36800, 36800, 36800, 36800, 36800, 36800, 36800, 36800, 36800, 36800, 36800, 36800, 36800, 36800, 36800, 36800, 36800, 36800, 36800, 36800, 36800, 36800, 36800, 36800, 36800, 36800, 36800, 36800, 36800, 36800, 36800, 36800, 36800, 36800, 36800, 36800, 36800, 36800, 36800, 36800, 36800, 36800, 36800, 36800, 36800, 36800, 36800, 36800, 36800, 36800, 36800, 36800, 36800, 36800, 36800, 36800, 36800, 36800, 36800, 36800, 36800, 36800, 36800, 36800, 36800, 36800, 36800, 36800, 36800, 36800, 36800, 36800, 36800, 36800, 36800, 36800, 36800, 36800, 36800, 36800, 36800, 36800, 36800, 36800, 36800, 36800, 36800, 36800, 36800, 36800, 36800, 36800, 36800, 36800, 36800, 36800, 36800, 36800, 36800, 36800, 36800, 36800, 36800, 36800, 36800, 36800, 36800, 36800, 36800, 36800, 36800, 36800, 36800, 36800, 36800, 36800, 36800, 36800, 36800, 36800, 36800, 36800, 36800, 36800, 36800, 36800, 36800, 36800, 36800, 36800, 36800, 36800, 36800, 36800, 36800, 36800, 36800, 36800,