{"hab_spec": {"Source": "Water", "Lat": 28.209757333, "Lon": -82.363926833, "GPS_Alt": 22.7, "GPS_UTC": "03:49:19", "GPS_Nsat_Inview": 6, "GPS_Status": 3, "DateTime": "2023-0718-034920.809", "Exposure": 500.0, "sat_pix_n": 0, "Pix_minv": 36800, "Pix_maxv": 44279, "summed_rows": 800, "spectra": [36800, 36800, 36800, 36800, 36800, 36800, 36800, 36800, 36800, 36800, 36800, 36800, 36800, 36800, 36800, 36800, 36800, 36800, 36800, 36800, 36800, 36800, 36800, 36800, 36800, 36800, 36800, 36800, 36800, 36800, 36800, 36800, 36800, 36800, 36800, 36800, 36800, 36800, 36800, 36800, 36800, 36800, 36800, 36800, 36800, 36800, 36800, 36800, 36800, 36800, 36800, 36800, 36800, 36800, 36800, 36800, 36800, 36800, 36800, 36800, 36800, 36800, 36800, 36800, 36848, 36848, 36848, 36848, 36848, 36848, 36848, 36848, 37072, 37072, 37072, 37072, 37072, 37072, 37072, 37072, 37280, 37280, 37280, 37280, 37280, 37280, 37280, 37280, 37720, 37720, 37744, 37768, 37784, 37808, 37816, 37832, 38220, 38224, 38252, 38284, 38300, 38332, 38352, 38364, 38952, 39000, 39048, 39144, 39240, 39336, 39400, 39432, 40344, 40368, 40480, 40616, 40744, 40880, 40984, 41016, 41801, 41833, 41905, 42009, 42065, 42169, 42257, 42273, 42789, 42789, 42797, 42805, 42813, 42821, 42821, 42829, 42973, 42973, 42965, 42957, 42949, 42941, 42933, 42933, 42624, 42616, 42608, 42592, 42576, 42560, 42544, 42544, 41899, 41899, 41867, 41835, 41819, 41787, 41763, 41755, 41043, 41035, 40987, 40931, 40907, 40851, 40795, 40795, 40416, 40416, 40408, 40400, 40392, 40384, 40376, 40376, 40044, 40044, 40028, 40013, 39997, 39982, 39971, 39965, 39568, 39568, 39568, 39568, 39568, 39568, 39568, 39568, 39261, 39261, 39253, 39245, 39237, 39229, 39221, 39221, 39000, 39000, 39000, 39000, 39000, 39000, 39000, 39000, 39024, 39024, 39024, 39024, 39024, 39024, 39024, 39024, 39040, 39040, 39040, 39040, 39040, 39040, 39040, 39040, 39168, 39168, 39168, 39168, 39168, 39168, 39168, 39168, 39361, 39361, 39361, 39361, 39361, 39361, 39361, 39361, 39552, 39552, 39552, 39552, 39552, 39552, 39552, 39552, 39796, 39796, 39804, 39812, 39820, 39828, 39836, 39836, 40044, 40044, 40060, 40076, 40092, 40108, 40116, 40124, 40303, 40303, 40311, 40319, 40319, 40327, 40335, 40335, 40700, 40700, 40700, 40700, 40700, 40700, 40700, 40700, 40848, 40848, 40848, 40848, 40848, 40848, 40848, 40848, 41208, 41208, 41216, 41224, 41224, 41232, 41240, 41240, 41703, 41687, 41703, 41703, 41703, 41703, 41703, 41703, 41980, 41980, 41980, 41980, 41980, 41980, 41980, 41980, 42004, 42004, 42004, 42004, 42004, 42004, 42004, 42004, 42276, 42276, 42276, 42276, 42276, 42276, 42276, 42276, 42370, 42370, 42370, 42370, 42370, 42370, 42370, 42370, 42537, 42521, 42521, 42513, 42521, 42545, 42553, 42577, 42479, 42479, 42479, 42479, 42479, 42479, 42479, 42479, 42645, 42645, 42645, 42645, 42645, 42645, 42645, 42645, 42588, 42588, 42588, 42588, 42588, 42588, 42588, 42588, 42690, 42690, 42690, 42690, 42690, 42690, 42690, 42690, 42644, 42644, 42644, 42644, 42644, 42644, 42644, 42644, 42735, 42735, 42743, 42751, 42751, 42759, 42767, 42767, 42843, 42843, 42843, 42843, 42843, 42843, 42843, 42843, 42878, 42878, 42878, 42878, 42878, 42878, 42878, 42878, 43023, 43023, 43023, 43023, 43023, 43023, 43023, 43023, 43113, 43113, 43121, 43129, 43137, 43145, 43145, 43153, 43072, 43072, 43072, 43072, 43072, 43072, 43072, 43072, 43105, 43097, 43105, 43105, 43105, 43105, 43097, 43105, 43250, 43242, 43242, 43234, 43226, 43218, 43210, 43210, 43326, 43327, 43326, 43327, 43327, 43326, 43327, 43326, 43472, 43472, 43472, 43472, 43472, 43472, 43472, 43472, 43540, 43540, 43540, 43540, 43540, 43540, 43540, 43540, 43619, 43619, 43619, 43619, 43619, 43619, 43619, 43619, 43786, 43786, 43770, 43754, 43746, 43730, 43714, 43714, 43864, 43864, 43872, 43880, 43888, 43896, 43896, 43904, 44020, 44020, 44020, 44020, 44020, 44020, 44020, 44020, 44115, 44107, 44107, 44099, 44091, 44083, 44075, 44075, 44159, 44167, 44183, 44207, 44231, 44255, 44279, 44279, 44096, 44096, 44096, 44096, 44096, 44096, 44096, 44096, 44000, 44000, 44000, 44000, 44000, 44000, 44000, 44000, 43854, 43863, 43885, 43906, 43906, 43903, 43896, 43884, 43718, 43714, 43702, 43686, 43678, 43662, 43650, 43646, 43435, 43435, 43451, 43451, 43443, 43427, 43403, 43395, 43329, 43329, 43321, 43313, 43305, 43297, 43289, 43289, 43057, 43049, 43049, 43041, 43033, 43025, 43017, 43017, 42805, 42797, 42797, 42789, 42781, 42773, 42765, 42765, 42513, 42511, 42501, 42497, 42489, 42477, 42471, 42473, 42296, 42284, 42288, 42280, 42272, 42264, 42252, 42256, 42075, 42075, 42075, 42075, 42075, 42075, 42075, 42075, 41776, 41776, 41768, 41760, 41760, 41752, 41744, 41744, 41443, 41443, 41443, 41443, 41443, 41443, 41443, 41443, 41152, 41144, 41136, 41120, 41112, 41096, 41080, 41080, 40723, 40732, 40748, 40757, 40757, 40748, 40732, 40723, 40524, 40516, 40516, 40508, 40500, 40492, 40484, 40484, 40040, 40040, 40040, 40040, 40040, 40040, 40040, 40040, 39792, 39792, 39784, 39776, 39768, 39760, 39752, 39752, 39512, 39512, 39512, 39512, 39512, 39512, 39512, 39512, 39216, 39216, 39216, 39216, 39216, 39216, 39216, 39216, 38912, 38912, 38912, 38912, 38912, 38912, 38912, 38912, 38736, 38736, 38736, 38736, 38736, 38736, 38736, 38736, 38592, 38592, 38592, 38592, 38592, 38592, 38592, 38592, 38384, 38384, 38384, 38384, 38384, 38384, 38384, 38384, 38072, 38072, 38072, 38072, 38072, 38072, 38072, 38072, 37915, 37915, 37915, 37915, 37915, 37915, 37915, 37915, 37816, 37816, 37816, 37816, 37816, 37816, 37816, 37816, 37552, 37552, 37552, 37552, 37552, 37552, 37552, 37552, 37496, 37496, 37496, 37496, 37496, 37496, 37496, 37496, 37328, 37328, 37328, 37328, 37328, 37328, 37328, 37328, 37264, 37264, 37264, 37264, 37264, 37264, 37264, 37264, 37200, 37200, 37200, 37200, 37200, 37200, 37200, 37200, 37232, 37232, 37232, 37232, 37232, 37232, 37232, 37232, 37120, 37120, 37120, 37120, 37120, 37120, 37120, 37120, 37040, 37040, 37040, 37040, 37040, 37040, 37040, 37040, 37072, 37072, 37072, 37072, 37072, 37072, 37072, 37072, 36976, 36976, 36976, 36976, 36976, 36976, 36976, 36976, 36832, 36832, 36832, 36832, 36832, 36832, 36832, 36832, 36832, 36832, 36832, 36832, 36832, 36832, 36832, 36832, 36800, 36800, 36800, 36800, 36800, 36800, 36800, 36800, 36800, 36800, 36800, 36800, 36800, 36800, 36800, 36800, 36800, 36800, 36800, 36800, 36800, 36800, 36800, 36800, 36800, 36800, 36800, 36800, 36800, 36800, 36800, 36800, 36800, 36800, 36800, 36800, 36800, 36800, 36800, 36800, 36800, 36800, 36800, 36800, 36800, 36800, 36800, 36800, 36800, 36800, 36800, 36800, 36800, 36800, 36800, 36800, 36800, 36800, 36800, 36800, 36800, 36800, 36800, 36800, 36800, 36800, 36800, 36800, 36800, 36800, 36800, 36800, 36800, 36800, 36800, 36800, 36800, 36800, 36800, 36800, 36800, 36800, 36800, 36800, 36800, 36800, 36800, 36800, 36800, 36800, 36800, 36800, 36800, 36800, 36800, 36800, 36800, 36800, 36800, 36800, 36800, 36800, 36800, 36800, 36800, 36800, 36800, 36800, 36800, 36800, 36800, 36800, 36800, 36800, 36800, 36800, 36800, 36800, 36800, 36800, 36800, 36800, 36800, 36800, 36800, 36800, 36800, 36800, 36800, 36800, 36800, 36800, 36800, 36800, 36800, 36800, 36800, 36800, 36800, 36800, 36800, 36800, 36800, 36800, 36800, 36800, 36800, 36800, 36800, 36800, 36800, 36800, 36800, 36800, 36800, 36800, 36800, 36800, 36800, 36800, 36800, 36800, 36800, 36800, 36800, 36800, 36800, 36800, 36800, 36800, 36800, 36800, 36800, 36800, 36800, 36800, 36800, 36800, 36800, 36800, 36800, 36800, 36800, 36800, 36800, 36800, 36800, 36800, 36800, 36800, 36800, 36800, 36800, 36800, 36800, 36800, 36800, 36800, 36800, 36800, 36800, 36800, 36800, 36800, 36800, 36800, 36800, 36800, 36800, 36800, 36800, 36800, 36800, 36800, 36800, 36800, 36800, 36800, 36800, 36800, 36800, 36800, 36800, 36800, 36800, 36800, 36800, 36800, 36800, 36800, 36800, 36800, 36800, 36800, 36800, 36800, 36800, 36800, 36800, 36800, 36800, 36800, 36800, 36800, 36800, 36800, 36800, 36800, 36800, 36800, 36800, 36800, 36800, 36800, 36800, 36800, 36800, 36800, 36800, 36800, 36800, 36800, 36800, 36800, 36800, 36800, 36800, 36800, 