{"hab_spec": {"Source": "Water", "Lat": 28.2097495, "Lon": -82.363933167, "GPS_Alt": 22.6, "GPS_UTC": "03:49:00", "GPS_Nsat_Inview": 6, "GPS_Status": 3, "DateTime": "2023-0718-034901.714", "Exposure": 500.0, "sat_pix_n": 0, "Pix_minv": 36800, "Pix_maxv": 44193, "summed_rows": 800, "spectra": [36800, 36800, 36800, 36800, 36800, 36800, 36800, 36800, 36800, 36800, 36800, 36800, 36800, 36800, 36800, 36800, 36800, 36800, 36800, 36800, 36800, 36800, 36800, 36800, 36800, 36800, 36800, 36800, 36800, 36800, 36800, 36800, 36800, 36800, 36800, 36800, 36800, 36800, 36800, 36800, 36800, 36800, 36800, 36800, 36800, 36800, 36800, 36800, 36800, 36800, 36800, 36800, 36800, 36800, 36800, 36800, 36800, 36800, 36800, 36800, 36800, 36800, 36800, 36800, 36848, 36848, 36848, 36848, 36848, 36848, 36848, 36848, 37040, 37040, 37040, 37040, 37040, 37040, 37040, 37040, 37328, 37328, 37328, 37328, 37328, 37328, 37328, 37328, 37728, 37728, 37736, 37744, 37744, 37752, 37760, 37760, 38264, 38264, 38320, 38376, 38416, 38472, 38488, 38528, 39099, 39115, 39139, 39179, 39211, 39251, 39275, 39291, 40330, 40348, 40458, 40584, 40712, 40838, 40900, 40966, 41757, 41787, 41886, 42013, 42085, 42212, 42324, 42340, 42880, 42880, 42920, 42960, 43000, 43040, 43064, 43080, 42959, 42959, 42959, 42959, 42959, 42959, 42959, 42959, 42624, 42624, 42592, 42560, 42536, 42504, 42480, 42472, 41972, 41952, 41924, 41876, 41844, 41796, 41752, 41748, 41088, 41080, 41048, 41008, 40976, 40936, 40896, 40896, 40411, 40403, 40395, 40379, 40363, 40347, 40331, 40331, 40040, 40032, 40008, 39976, 39944, 39912, 39888, 39880, 39568, 39568, 39568, 39568, 39568, 39568, 39568, 39568, 39352, 39352, 39344, 39336, 39328, 39320, 39312, 39312, 39048, 39048, 39048, 39048, 39048, 39048, 39048, 39048, 39104, 39104, 39104, 39104, 39104, 39104, 39104, 39104, 39064, 39064, 39064, 39064, 39064, 39064, 39064, 39064, 39232, 39232, 39240, 39248, 39256, 39264, 39272, 39272, 39336, 39336, 39336, 39336, 39336, 39336, 39336, 39336, 39560, 39560, 39568, 39576, 39584, 39592, 39600, 39600, 39820, 39820, 39820, 39820, 39820, 39820, 39820, 39820, 40056, 40056, 40056, 40056, 40056, 40056, 40056, 40056, 40252, 40252, 40252, 40252, 40252, 40252, 40252, 40252, 40677, 40677, 40685, 40693, 40701, 40709, 40717, 40717, 40872, 40872, 40896, 40920, 40928, 40952, 40968, 40976, 41344, 41352, 41360, 41376, 41384, 41400, 41416, 41416, 41744, 41744, 41744, 41744, 41744, 41744, 41744, 41744, 41856, 41840, 41824, 41816, 41816, 41824, 41840, 41856, 42081, 42081, 42081, 42081, 42081, 42081, 42081, 42081, 42173, 42173, 42189, 42205, 42221, 42237, 42237, 42253, 42347, 42347, 42347, 42347, 42347, 42347, 42347, 42347, 42534, 42526, 42518, 42502, 42486, 42470, 42454, 42454, 42520, 42520, 42528, 42536, 42544, 42552, 42560, 42560, 42606, 42606, 42598, 42590, 42582, 42574, 42566, 42566, 42581, 42581, 42589, 42597, 42605, 42613, 42621, 42621, 42675, 42675, 42675, 42675, 42675, 42675, 42675, 42675, 42760, 42760, 42760, 42760, 42760, 42760, 42760, 42760, 42701, 42701, 42693, 42685, 42677, 42669, 42661, 42661, 42856, 42865, 42880, 42897, 42897, 42880, 42865, 42856, 42834, 42834, 42834, 42834, 42834, 42834, 42834, 42834, 42926, 42926, 42926, 42926, 42926, 42926, 42926, 42926, 43114, 43114, 43114, 43114, 43114, 43114, 43114, 43114, 43044, 43044, 43044, 43044, 43044, 43044, 43044, 43044, 43106, 43106, 43114, 43122, 43130, 43138, 43138, 43146, 43267, 43267, 43267, 43267, 43267, 43267, 43267, 43267, 43332, 43332, 43340, 43348, 43356, 43364, 43364, 43372, 43425, 43425, 43425, 43425, 43425, 43425, 43425, 43425, 43551, 43543, 43535, 43527, 43543, 43567, 43583, 43599, 43535, 43535, 43543, 43551, 43551, 43559, 43567, 43567, 43787, 43787, 43787, 43787, 43787, 43787, 43787, 43787, 43906, 43904, 43902, 43906, 43906, 43902, 43904, 43906, 44031, 44046, 44047, 44050, 44066, 44077, 44079, 44078, 44134, 44140, 44143, 44150, 44158, 44165, 44173, 44173, 44184, 44182, 44180, 44184, 44184, 44180, 44182, 44184, 44193, 44177, 44161, 44153, 44153, 44161, 44177, 44193, 44048, 44048, 44040, 44032, 44024, 44016, 44016, 44008, 43874, 43883, 43898, 43910, 43910, 43898, 43883, 43874, 43658, 43650, 43642, 43627, 43611, 43596, 43585, 43579, 43439, 43437, 43433, 43425, 43417, 43409, 43405, 43403, 43178, 43187, 43203, 43213, 43213, 43203, 43187, 43178, 42979, 42979, 42979, 42979, 42979, 42979, 42979, 42979, 42827, 42827, 42811, 42795, 42779, 42763, 42747, 42747, 42464, 42448, 42440, 42424, 42416, 42432, 42440, 42456, 42373, 42373, 42365, 42357, 42349, 42341, 42333, 42333, 42052, 42052, 42052, 42052, 42052, 42052, 42052, 42052, 41764, 41764, 41756, 41748, 41748, 41740, 41732, 41732, 41422, 41422, 41422, 41422, 41422, 41422, 41422, 41422, 41138, 41138, 41138, 41138, 41138, 41138, 41138, 41138, 40712, 40712, 40712, 40712, 40712, 40712, 40712, 40712, 40526, 40516, 40510, 40496, 40480, 40466, 40452, 40450, 40104, 40104, 40104, 40104, 40104, 40104, 40104, 40104, 39831, 39815, 39815, 39799, 39783, 39767, 39751, 39751, 39504, 39504, 39504, 39504, 39504, 39504, 39504, 39504, 39200, 39200, 39200, 39200, 39200, 39200, 39200, 39200, 39016, 39016, 39016, 39016, 39016, 39016, 39016, 39016, 38776, 38760, 38744, 38736, 38736, 38744, 38760, 38776, 38520, 38520, 38520, 38520, 38520, 38520, 38520, 38520, 38360, 38360, 38360, 38360, 38360, 38360, 38360, 38360, 38088, 38088, 38088, 38088, 38088, 38088, 38088, 38088, 37936, 37936, 37936, 37936, 37936, 37936, 37936, 37936, 37760, 37760, 37760, 37760, 37760, 37760, 37760, 37760, 37579, 37579, 37579, 37579, 37579, 37579, 37579, 37579, 37520, 37520, 37520, 37520, 37520, 37520, 37520, 37520, 37344, 37344, 37344, 37344, 37344, 37344, 37344, 37344, 37264, 37264, 37264, 37264, 37264, 37264, 37264, 37264, 37232, 37232, 37232, 37232, 37232, 37232, 37232, 37232, 37200, 37200, 37200, 37200, 37200, 37200, 37200, 37200, 37152, 37152, 37152, 37152, 37152, 37152, 37152, 37152, 37072, 37072, 37072, 37072, 37072, 37072, 37072, 37072, 37040, 37040, 37040, 37040, 37040, 37040, 37040, 37040, 36992, 36992, 36992, 36992, 36992, 36992, 36992, 36992, 36864, 36864, 36864, 36864, 36864, 36864, 36864, 36864, 36800, 36800, 36800, 36800, 36800, 36800, 36800, 36800, 36800, 36800, 36800, 36800, 36800, 36800, 36800, 36800, 36800, 36800, 36800, 36800, 36800, 36800, 36800, 36800, 36800, 36800, 36800, 36800, 36800, 36800, 36800, 36800, 36800, 36800, 36800, 36800, 36800, 36800, 36800, 36800, 36800, 36800, 36800, 36800, 36800, 36800, 36800, 36800, 36800, 36800, 36800, 36800, 36800, 36800, 36800, 36800, 36800, 36800, 36800, 36800, 36800, 36800, 36800, 36800, 36800, 36800, 36800, 36800, 36800, 36800, 36800, 36800, 36800, 36800, 36800, 36800, 36800, 36800, 36800, 36800, 36800, 36800, 36800, 36800, 36800, 36800, 36800, 36800, 36800, 36800, 36800, 36800, 36800, 36800, 36800, 36800, 36800, 36800, 36800, 36800, 36800, 36800, 36800, 36800, 36800, 36800, 36800, 36800, 36800, 36800, 36800, 36800, 36800, 36800, 36800, 36800, 36800, 36800, 36800, 36800, 36800, 36800, 36800, 36800, 36800, 36800, 36800, 36800, 36800, 36800, 36800, 36800, 36800, 36800, 36800, 36800, 36800, 36800, 36800, 36800, 36800, 36800, 36800, 36800, 36800, 36800, 36800, 36800, 36800, 36800, 36800, 36800, 36800, 36800, 36800, 36800, 36800, 36800, 36800, 36800, 36800, 36800, 36800, 36800, 36800, 36800, 36800, 36800, 36800, 36800, 36800, 36800, 36800, 36800, 36800, 36800, 36800, 36800, 36800, 36800, 36800, 36800, 36800, 36800, 36800, 36800, 36800, 36800, 36800, 36800, 36800, 36800, 36800, 36800, 36800, 36800, 36800, 36800, 36800, 36800, 36800, 36800, 36800, 36800, 36800, 36800, 36800, 36800, 36800, 36800, 36800, 36800, 36800, 36800, 36800, 36800, 36800, 36800, 36800, 36800, 36800, 36800, 36800, 36800, 36800, 36800, 36800, 36800, 36800, 36800, 36800, 36800, 36800, 36800, 36800, 36800, 36800, 36800, 36800, 36800, 36800, 36800, 36800, 36800, 36800, 36800, 36800, 36800, 36800, 36800, 36800, 36800, 36800, 36800, 36800, 36800, 36800, 36800, 36800, 36800, 36800, 36800, 36800, 36800, 36800, 36800, 36800, 36800, 36800, 36800, 36800, 36800, 36800, 36800, 36800, 36800, 36800,