{"hab_spec": {"Source": "Water", "Lat": 28.209756167, "Lon": -82.363927833, "GPS_Alt": 22.5, "GPS_UTC": "03:49:14", "GPS_Nsat_Inview": 6, "GPS_Status": 3, "DateTime": "2023-0718-034915.344", "Exposure": 500.0, "sat_pix_n": 0, "Pix_minv": 36800, "Pix_maxv": 44197, "summed_rows": 800, "spectra": [36800, 36800, 36800, 36800, 36800, 36800, 36800, 36800, 36800, 36800, 36800, 36800, 36800, 36800, 36800, 36800, 36800, 36800, 36800, 36800, 36800, 36800, 36800, 36800, 36800, 36800, 36800, 36800, 36800, 36800, 36800, 36800, 36800, 36800, 36800, 36800, 36800, 36800, 36800, 36800, 36800, 36800, 36800, 36800, 36800, 36800, 36800, 36800, 36800, 36800, 36800, 36800, 36800, 36800, 36800, 36800, 36800, 36800, 36800, 36800, 36800, 36800, 36800, 36800, 36816, 36816, 36816, 36816, 36816, 36816, 36816, 36816, 37104, 37104, 37104, 37104, 37104, 37104, 37104, 37104, 37248, 37248, 37256, 37264, 37272, 37280, 37280, 37288, 37752, 37752, 37792, 37832, 37856, 37896, 37912, 37936, 38432, 38432, 38472, 38512, 38536, 38576, 38592, 38616, 39064, 39096, 39160, 39256, 39336, 39432, 39480, 39528, 40608, 40632, 40736, 40864, 40984, 41112, 41176, 41240, 41798, 41816, 41918, 42036, 42100, 42218, 42336, 42338, 42908, 42908, 42948, 42988, 43020, 43060, 43100, 43100, 42999, 43007, 43023, 43023, 43015, 42999, 42975, 42967, 42764, 42756, 42732, 42700, 42668, 42636, 42612, 42604, 42058, 42034, 42018, 41978, 41946, 41906, 41866, 41866, 41264, 41232, 41208, 41160, 41144, 41128, 41104, 41120, 40488, 40488, 40488, 40488, 40488, 40488, 40488, 40488, 40080, 40072, 40032, 39984, 39936, 39888, 39856, 39840, 39557, 39557, 39541, 39525, 39509, 39493, 39485, 39477, 39312, 39312, 39312, 39312, 39312, 39312, 39312, 39312, 39072, 39072, 39072, 39072, 39072, 39072, 39072, 39072, 39000, 39000, 39000, 39000, 39000, 39000, 39000, 39000, 39075, 39075, 39075, 39075, 39075, 39075, 39075, 39075, 39232, 39232, 39232, 39232, 39232, 39232, 39232, 39232, 39316, 39316, 39316, 39316, 39316, 39316, 39316, 39316, 39632, 39632, 39632, 39632, 39632, 39632, 39632, 39632, 39920, 39920, 39920, 39920, 39920, 39920, 39920, 39920, 40036, 40036, 40036, 40036, 40036, 40036, 40036, 40036, 40307, 40307, 40323, 40339, 40339, 40355, 40371, 40371, 40684, 40684, 40692, 40700, 40708, 40716, 40724, 40724, 40992, 40992, 41016, 41040, 41040, 41064, 41088, 41088, 41310, 41302, 41294, 41294, 41302, 41318, 41342, 41350, 41752, 41752, 41752, 41752, 41752, 41752, 41752, 41752, 41931, 41931, 41931, 41931, 41931, 41931, 41931, 41931, 41992, 42000, 42000, 42008, 42016, 42024, 42032, 42032, 42352, 42352, 42352, 42352, 42352, 42352, 42352, 42352, 42400, 42400, 42416, 42432, 42448, 42464, 42472, 42480, 42538, 42538, 42538, 42538, 42538, 42538, 42538, 42538, 42553, 42553, 42553, 42553, 42553, 42553, 42553, 42553, 42674, 42674, 42674, 42674, 42674, 42674, 42674, 42674, 42653, 42653, 42653, 42653, 42653, 42653, 42653, 42653, 42728, 42728, 42728, 42728, 42728, 42728, 42728, 42728, 42784, 42784, 42784, 42784, 42784, 42784, 42784, 42784, 42749, 42749, 42749, 42749, 42749, 42749, 42749, 42749, 42829, 42829, 42829, 42829, 42829, 42829, 42829, 42829, 42921, 42921, 42929, 42937, 42945, 42953, 42953, 42961, 43057, 43057, 43057, 43057, 43057, 43057, 43057, 43057, 43120, 43110, 43092, 43088, 43088, 43092, 43110, 43120, 43183, 43181, 43179, 43183, 43183, 43179, 43181, 43183, 43073, 43073, 43073, 43073, 43073, 43073, 43073, 43073, 43212, 43212, 43212, 43212, 43212, 43212, 43212, 43212, 43300, 43300, 43300, 43300, 43300, 43300, 43300, 43300, 43458, 43458, 43458, 43458, 43458, 43458, 43458, 43458, 43643, 43643, 43651, 43659, 43667, 43675, 43675, 43683, 43715, 43715, 43707, 43699, 43699, 43691, 43683, 43683, 43677, 43678, 43693, 43710, 43718, 43733, 43750, 43749, 44044, 44050, 44045, 44044, 44052, 44051, 44051, 44051, 44152, 44152, 44152, 44152, 44152, 44152, 44152, 44152, 44143, 44151, 44167, 44175, 44175, 44167, 44151, 44143, 44114, 44114, 44114, 44114, 44114, 44114, 44114, 44114, 44157, 44169, 44185, 44197, 44197, 44185, 44169, 44157, 44035, 44035, 44035, 44035, 44035, 44035, 44035, 44035, 43947, 43961, 43983, 43988, 43972, 43935, 43889, 43867, 43663, 43663, 43655, 43647, 43639, 43631, 43623, 43623, 43606, 43606, 43606, 43606, 43606, 43606, 43606, 43606, 43327, 43327, 43319, 43312, 43312, 43305, 43294, 43296, 43075, 43059, 43059, 43043, 43027, 43011, 42995, 42995, 42880, 42880, 42872, 42864, 42856, 42848, 42840, 42840, 42516, 42508, 42508, 42500, 42492, 42484, 42476, 42476, 42254, 42246, 42246, 42238, 42230, 42222, 42214, 42214, 41980, 41980, 41972, 41964, 41964, 41956, 41948, 41948, 41712, 41712, 41712, 41712, 41712, 41712, 41712, 41712, 41536, 41536, 41536, 41536, 41536, 41536, 41536, 41536, 41115, 41115, 41083, 41051, 41027, 40995, 40963, 40963, 40749, 40757, 40773, 40781, 40781, 40773, 40757, 40749, 40456, 40448, 40432, 40408, 40384, 40360, 40336, 40336, 40160, 40160, 40152, 40144, 40136, 40128, 40120, 40120, 39720, 39720, 39720, 39720, 39720, 39720, 39720, 39720, 39512, 39512, 39504, 39496, 39488, 39480, 39472, 39472, 39248, 39248, 39248, 39248, 39248, 39248, 39248, 39248, 38960, 38960, 38960, 38960, 38960, 38960, 38960, 38960, 38832, 38832, 38832, 38832, 38832, 38832, 38832, 38832, 38632, 38632, 38632, 38632, 38632, 38632, 38632, 38632, 38352, 38352, 38352, 38352, 38352, 38352, 38352, 38352, 38136, 38136, 38136, 38136, 38136, 38136, 38136, 38136, 37896, 37888, 37888, 37880, 37872, 37864, 37856, 37856, 37848, 37848, 37848, 37848, 37848, 37848, 37848, 37848, 37584, 37584, 37584, 37584, 37584, 37584, 37584, 37584, 37504, 37504, 37504, 37504, 37504, 37504, 37504, 37504, 37336, 37336, 37336, 37336, 37336, 37336, 37336, 37336, 37296, 37296, 37296, 37296, 37296, 37296, 37296, 37296, 37264, 37264, 37264, 37264, 37264, 37264, 37264, 37264, 37216, 37216, 37216, 37216, 37216, 37216, 37216, 37216, 37168, 37168, 37168, 37168, 37168, 37168, 37168, 37168, 37104, 37104, 37104, 37104, 37104, 37104, 37104, 37104, 37056, 37056, 37056, 37056, 37056, 37056, 37056, 37056, 36944, 36944, 36944, 36944, 36944, 36944, 36944, 36944, 36928, 36928, 36928, 36928, 36928, 36928, 36928, 36928, 36864, 36864, 36864, 36864, 36864, 36864, 36864, 36864, 36800, 36800, 36800, 36800, 36800, 36800, 36800, 36800, 36816, 36816, 36816, 36816, 36816, 36816, 36816, 36816, 36800, 36800, 36800, 36800, 36800, 36800, 36800, 36800, 36800, 36800, 36800, 36800, 36800, 36800, 36800, 36800, 36800, 36800, 36800, 36800, 36800, 36800, 36800, 36800, 36800, 36800, 36800, 36800, 36800, 36800, 36800, 36800, 36800, 36800, 36800, 36800, 36800, 36800, 36800, 36800, 36800, 36800, 36800, 36800, 36800, 36800, 36800, 36800, 36800, 36800, 36800, 36800, 36800, 36800, 36800, 36800, 36800, 36800, 36800, 36800, 36800, 36800, 36800, 36800, 36800, 36800, 36800, 36800, 36800, 36800, 36800, 36800, 36800, 36800, 36800, 36800, 36800, 36800, 36800, 36800, 36800, 36800, 36800, 36800, 36800, 36800, 36800, 36800, 36800, 36800, 36800, 36800, 36800, 36800, 36800, 36800, 36800, 36800, 36800, 36800, 36800, 36800, 36800, 36800, 36800, 36800, 36800, 36800, 36800, 36800, 36800, 36800, 36800, 36800, 36800, 36800, 36800, 36800, 36800, 36800, 36800, 36800, 36800, 36800, 36800, 36800, 36800, 36800, 36800, 36800, 36800, 36800, 36800, 36800, 36800, 36800, 36800, 36800, 36800, 36800, 36800, 36800, 36800, 36800, 36800, 36800, 36800, 36800, 36800, 36800, 36800, 36800, 36800, 36800, 36800, 36800, 36800, 36800, 36800, 36800, 36800, 36800, 36800, 36800, 36800, 36800, 36800, 36800, 36800, 36800, 36800, 36800, 36800, 36800, 36800, 36800, 36800, 36800, 36800, 36800, 36800, 36800, 36800, 36800, 36800, 36800, 36800, 36800, 36800, 36800, 36800, 36800, 36800, 36800, 36800, 36800, 36800, 36800, 36800, 36800, 36800, 36800, 36800, 36800, 36800, 36800, 36800, 36800, 36800, 36800, 36800, 36800, 36800, 36800, 36800, 36800, 36800, 36800, 36800, 36800, 36800, 36800, 36800, 36800, 36800, 36800, 36800, 36800, 36800, 36800, 36800, 36800, 36800, 36800, 36800, 36800, 36800, 36800, 36800, 36800, 36800, 36800, 36800, 36800, 36800, 36800, 36800, 36800, 36800, 36800, 36800, 36800, 