{"hab_spec": {"Source": "Water", "Lat": 28.209751333, "Lon": -82.363931833, "GPS_Alt": 22.4, "GPS_UTC": "03:49:04", "GPS_Nsat_Inview": 6, "GPS_Status": 3, "DateTime": "2023-0718-034905.226", "Exposure": 500.0, "sat_pix_n": 0, "Pix_minv": 36800, "Pix_maxv": 44332, "summed_rows": 800, "spectra": [36800, 36800, 36800, 36800, 36800, 36800, 36800, 36800, 36800, 36800, 36800, 36800, 36800, 36800, 36800, 36800, 36800, 36800, 36800, 36800, 36800, 36800, 36800, 36800, 36800, 36800, 36800, 36800, 36800, 36800, 36800, 36800, 36800, 36800, 36800, 36800, 36800, 36800, 36800, 36800, 36800, 36800, 36800, 36800, 36800, 36800, 36800, 36800, 36800, 36800, 36800, 36800, 36800, 36800, 36800, 36800, 36800, 36800, 36800, 36800, 36800, 36800, 36800, 36800, 36912, 36912, 36912, 36912, 36912, 36912, 36912, 36912, 37136, 37136, 37136, 37136, 37136, 37136, 37136, 37136, 37392, 37392, 37400, 37408, 37416, 37424, 37424, 37432, 37912, 37912, 37944, 37976, 38008, 38040, 38040, 38072, 38488, 38496, 38536, 38584, 38608, 38656, 38688, 38704, 39456, 39488, 39560, 39664, 39760, 39864, 39936, 39968, 40704, 40720, 40856, 41008, 41128, 41280, 41360, 41432, 42203, 42227, 42307, 42411, 42475, 42579, 42659, 42683, 43225, 43225, 43273, 43321, 43361, 43409, 43433, 43457, 43226, 43224, 43218, 43212, 43204, 43198, 43192, 43190, 42776, 42776, 42760, 42744, 42728, 42712, 42696, 42696, 42164, 42156, 42140, 42116, 42092, 42068, 42060, 42044, 41404, 41396, 41380, 41356, 41332, 41308, 41292, 41284, 40416, 40416, 40416, 40416, 40416, 40416, 40416, 40416, 40096, 40080, 40072, 40048, 40024, 40000, 39976, 39976, 39672, 39672, 39656, 39640, 39624, 39608, 39592, 39592, 39300, 39300, 39292, 39284, 39276, 39268, 39260, 39260, 39056, 39056, 39056, 39056, 39056, 39056, 39056, 39056, 38992, 38992, 38992, 38992, 38992, 38992, 38992, 38992, 39144, 39144, 39144, 39144, 39144, 39144, 39144, 39144, 39240, 39240, 39240, 39240, 39240, 39240, 39240, 39240, 39392, 39392, 39392, 39392, 39392, 39392, 39392, 39392, 39728, 39728, 39728, 39728, 39728, 39728, 39728, 39728, 39888, 39896, 39912, 39928, 39928, 39912, 39896, 39888, 40056, 40056, 40064, 40072, 40080, 40088, 40088, 40096, 40480, 40480, 40480, 40480, 40480, 40480, 40480, 40480, 40787, 40787, 40787, 40787, 40787, 40787, 40787, 40787, 41284, 41300, 41308, 41324, 41324, 41308, 41300, 41284, 41627, 41627, 41627, 41627, 41627, 41627, 41627, 41627, 42035, 42035, 42035, 42035, 42035, 42035, 42035, 42035, 42060, 42060, 42060, 42060, 42060, 42060, 42060, 42060, 42301, 42301, 42309, 42317, 42325, 42333, 42341, 42341, 42441, 42442, 42465, 42490, 42514, 42537, 42554, 42561, 42584, 42584, 42584, 42584, 42584, 42584, 42584, 42584, 42664, 42664, 42672, 42680, 42688, 42696, 42696, 42704, 42633, 42633, 42633, 42633, 42633, 42633, 42633, 42633, 42842, 42834, 42826, 42810, 42802, 42786, 42770, 42770, 42883, 42883, 42891, 42899, 42899, 42907, 42915, 42915, 42823, 42823, 42831, 42839, 42847, 42855, 42863, 42863, 42958, 42958, 42958, 42958, 42958, 42958, 42958, 42958, 43086, 43086, 43078, 43071, 43063, 43056, 43053, 43047, 42983, 42983, 42983, 42983, 42983, 42983, 42983, 42983, 43101, 43085, 43061, 43045, 43037, 43037, 43045, 43061, 43096, 43096, 43096, 43096, 43096, 43096, 43096, 43096, 43205, 43205, 43205, 43205, 43205, 43205, 43205, 43205, 43304, 43304, 43304, 43304, 43304, 43304, 43304, 43304, 43230, 43230, 43230, 43230, 43230, 43230, 43230, 43230, 43319, 43303, 43295, 43295, 43303, 43319, 43335, 43359, 43422, 43423, 43422, 43423, 43423, 43422, 43423, 43422, 43703, 43703, 43703, 43703, 43703, 43703, 43703, 43703, 43636, 43636, 43644, 43652, 43652, 43660, 43668, 43668, 43867, 43859, 43859, 43851, 43843, 43835, 43827, 43827, 43911, 43911, 43911, 43911, 43911, 43911, 43911, 43911, 44158, 44158, 44150, 44142, 44134, 44126, 44118, 44118, 44260, 44258, 44256, 44260, 44260, 44256, 44258, 44260, 44266, 44266, 44266, 44266, 44266, 44266, 44266, 44266, 44291, 44291, 44291, 44291, 44291, 44291, 44291, 44291, 44332, 44316, 44300, 44292, 44292, 44300, 44316, 44332, 44324, 44316, 44300, 44276, 44252, 44228, 44204, 44204, 44176, 44162, 44210, 44278, 44236, 44126, 44117, 44190, 43811, 43804, 43787, 43780, 43780, 43787, 43804, 43811, 43796, 43788, 43788, 43780, 43772, 43764, 43756, 43756, 43303, 43304, 43304, 43303, 43305, 43304, 43304, 43305, 43053, 43053, 43045, 43037, 43029, 43021, 43013, 43013, 42888, 42880, 42880, 42872, 42864, 42856, 42848, 42848, 42554, 42538, 42522, 42514, 42514, 42522, 42538, 42554, 42317, 42317, 42317, 42317, 42317, 42317, 42317, 42317, 42217, 42209, 42193, 42169, 42161, 42137, 42113, 42113, 41800, 41800, 41792, 41784, 41776, 41768, 41768, 41760, 41611, 41611, 41611, 41611, 41611, 41611, 41611, 41611, 41168, 41160, 41160, 41152, 41144, 41136, 41128, 41128, 40792, 40792, 40792, 40792, 40792, 40792, 40792, 40792, 40627, 40627, 40619, 40611, 40611, 40603, 40595, 40595, 40176, 40168, 40168, 40160, 40152, 40144, 40136, 40136, 39924, 39916, 39908, 39892, 39884, 39868, 39852, 39852, 39556, 39556, 39556, 39556, 39556, 39556, 39556, 39556, 39248, 39248, 39248, 39248, 39248, 39248, 39248, 39248, 38976, 38976, 38976, 38976, 38976, 38976, 38976, 38976, 38832, 38832, 38832, 38832, 38832, 38832, 38832, 38832, 38680, 38680, 38680, 38680, 38680, 38680, 38680, 38680, 38416, 38416, 38416, 38416, 38416, 38416, 38416, 38416, 38128, 38128, 38128, 38128, 38128, 38128, 38128, 38128, 37992, 38000, 38016, 38032, 38032, 38016, 38000, 37992, 37824, 37824, 37816, 37808, 37808, 37800, 37792, 37792, 37624, 37616, 37616, 37608, 37600, 37592, 37584, 37584, 37496, 37496, 37496, 37496, 37496, 37496, 37496, 37496, 37360, 37360, 37360, 37360, 37360, 37360, 37360, 37360, 37264, 37264, 37264, 37264, 37264, 37264, 37264, 37264, 37264, 37264, 37264, 37264, 37264, 37264, 37264, 37264, 37216, 37216, 37216, 37216, 37216, 37216, 37216, 37216, 37184, 37184, 37184, 37184, 37184, 37184, 37184, 37184, 37088, 37088, 37088, 37088, 37088, 37088, 37088, 37088, 37056, 37056, 37056, 37056, 37056, 37056, 37056, 37056, 36992, 36992, 36992, 36992, 36992, 36992, 36992, 36992, 36912, 36912, 36912, 36912, 36912, 36912, 36912, 36912, 36848, 36848, 36848, 36848, 36848, 36848, 36848, 36848, 36816, 36816, 36816, 36816, 36816, 36816, 36816, 36816, 36800, 36800, 36800, 36800, 36800, 36800, 36800, 36800, 36800, 36800, 36800, 36800, 36800, 36800, 36800, 36800, 36800, 36800, 36800, 36800, 36800, 36800, 36800, 36800, 36800, 36800, 36800, 36800, 36800, 36800, 36800, 36800, 36800, 36800, 36800, 36800, 36800, 36800, 36800, 36800, 36800, 36800, 36800, 36800, 36800, 36800, 36800, 36800, 36800, 36800, 36800, 36800, 36800, 36800, 36800, 36800, 36800, 36800, 36800, 36800, 36800, 36800, 36800, 36800, 36800, 36800, 36800, 36800, 36800, 36800, 36800, 36800, 36800, 36800, 36800, 36800, 36800, 36800, 36800, 36800, 36800, 36800, 36800, 36800, 36800, 36800, 36800, 36800, 36800, 36800, 36800, 36800, 36800, 36800, 36800, 36800, 36800, 36800, 36800, 36800, 36800, 36800, 36800, 36800, 36800, 36800, 36800, 36800, 36800, 36800, 36800, 36800, 36800, 36800, 36800, 36800, 36800, 36800, 36800, 36800, 36800, 36800, 36800, 36800, 36800, 36800, 36800, 36800, 36800, 36800, 36800, 36800, 36800, 36800, 36800, 36800, 36800, 36800, 36800, 36800, 36800, 36800, 36800, 36800, 36800, 36800, 36800, 36800, 36800, 36800, 36800, 36800, 36800, 36800, 36800, 36800, 36800, 36800, 36800, 36800, 36800, 36800, 36800, 36800, 36800, 36800, 36800, 36800, 36800, 36800, 36800, 36800, 36800, 36800, 36800, 36800, 36800, 36800, 36800, 36800, 36800, 36800, 36800, 36800, 36800, 36800, 36800, 36800, 36800, 36800, 36800, 36800, 36800, 36800, 36800, 36800, 36800, 36800, 36800, 36800, 36800, 36800, 36800, 36800, 36800, 36800, 36800, 36800, 36800, 36800, 36800, 36800, 36800, 36800, 36800, 36800, 36800, 36800, 36800, 36800, 36800, 36800, 36800, 36800, 36800, 36800, 36800, 36800, 36800, 36800, 36800, 36800, 36800, 36800, 36800, 36800, 36800, 36800, 36800, 36800, 36800, 36800, 36800, 36800, 36800, 36800, 36800, 36800, 36800, 36800, 36800, 36800, 36800, 36800, 36800, 36800, 36800, 36800, 36800, 36800, 