{"hab_spec": {"Source": "Water", "Lat": 28.2097565, "Lon": -82.363927667, "GPS_Alt": 22.5, "GPS_UTC": "03:49:15", "GPS_Nsat_Inview": 6, "GPS_Status": 3, "DateTime": "2023-0718-034916.901", "Exposure": 500.0, "sat_pix_n": 0, "Pix_minv": 36800, "Pix_maxv": 44251, "summed_rows": 800, "spectra": [36800, 36800, 36800, 36800, 36800, 36800, 36800, 36800, 36800, 36800, 36800, 36800, 36800, 36800, 36800, 36800, 36800, 36800, 36800, 36800, 36800, 36800, 36800, 36800, 36800, 36800, 36800, 36800, 36800, 36800, 36800, 36800, 36800, 36800, 36800, 36800, 36800, 36800, 36800, 36800, 36800, 36800, 36800, 36800, 36800, 36800, 36800, 36800, 36800, 36800, 36800, 36800, 36800, 36800, 36800, 36800, 36800, 36800, 36800, 36800, 36800, 36800, 36800, 36800, 36848, 36848, 36848, 36848, 36848, 36848, 36848, 36848, 37056, 37056, 37056, 37056, 37056, 37056, 37056, 37056, 37312, 37312, 37312, 37312, 37312, 37312, 37312, 37312, 37944, 37944, 37960, 37976, 37984, 38000, 38008, 38016, 38264, 38264, 38320, 38376, 38424, 38480, 38488, 38536, 39024, 39064, 39128, 39232, 39336, 39440, 39496, 39544, 40448, 40480, 40600, 40752, 40896, 41048, 41136, 41200, 41819, 41839, 41915, 42011, 42075, 42171, 42247, 42267, 42974, 42980, 43006, 43036, 43068, 43098, 43116, 43130, 42974, 42974, 42974, 42982, 42982, 42974, 42974, 42974, 42725, 42709, 42685, 42645, 42605, 42565, 42541, 42525, 41969, 41961, 41945, 41922, 41906, 41883, 41864, 41858, 41056, 41056, 41056, 41040, 41016, 40984, 40952, 40936, 40392, 40384, 40384, 40376, 40368, 40360, 40352, 40352, 40096, 40096, 40080, 40064, 40048, 40032, 40016, 40016, 39696, 39688, 39664, 39632, 39600, 39568, 39544, 39536, 39312, 39312, 39304, 39296, 39288, 39280, 39272, 39272, 39056, 39056, 39056, 39056, 39056, 39056, 39056, 39056, 39088, 39088, 39088, 39088, 39088, 39088, 39088, 39088, 39104, 39104, 39104, 39104, 39104, 39104, 39104, 39104, 39264, 39264, 39264, 39264, 39264, 39264, 39264, 39264, 39408, 39408, 39408, 39408, 39408, 39408, 39408, 39408, 39496, 39496, 39496, 39496, 39496, 39496, 39496, 39496, 39888, 39888, 39888, 39888, 39888, 39888, 39888, 39888, 40060, 40060, 40068, 40076, 40084, 40092, 40092, 40100, 40408, 40408, 40408, 40408, 40408, 40408, 40408, 40408, 40704, 40704, 40704, 40704, 40704, 40704, 40704, 40704, 40898, 40897, 40898, 40897, 40897, 40898, 40897, 40898, 41453, 41453, 41453, 41453, 41453, 41453, 41453, 41453, 41947, 41947, 41947, 41947, 41947, 41947, 41947, 41947, 42003, 42003, 42003, 42003, 42003, 42003, 42003, 42003, 42159, 42159, 42159, 42159, 42159, 42159, 42159, 42159, 42220, 42228, 42228, 42236, 42244, 42252, 42260, 42260, 42469, 42469, 42477, 42485, 42493, 42501, 42509, 42509, 42472, 42472, 42480, 42488, 42496, 42504, 42512, 42512, 42525, 42525, 42525, 42525, 42525, 42525, 42525, 42525, 42658, 42658, 42658, 42658, 42658, 42658, 42658, 42658, 42669, 42669, 42669, 42669, 42669, 42669, 42669, 42669, 42700, 42700, 42700, 42700, 42700, 42700, 42700, 42700, 42734, 42734, 42742, 42750, 42758, 42766, 42774, 42774, 42675, 42683, 42691, 42707, 42723, 42739, 42747, 42755, 42811, 42811, 42811, 42811, 42811, 42811, 42811, 42811, 42896, 42896, 42896, 42896, 42896, 42896, 42896, 42896, 43093, 43077, 43061, 43053, 43053, 43061, 43077, 43093, 43139, 43139, 43139, 43139, 43139, 43139, 43139, 43139, 43226, 43224, 43222, 43226, 43226, 43222, 43224, 43226, 43217, 43217, 43225, 43233, 43233, 43241, 43249, 43249, 43152, 43152, 43152, 43152, 43152, 43152, 43152, 43152, 43383, 43383, 43383, 43383, 43383, 43383, 43383, 43383, 43407, 43407, 43415, 43423, 43423, 43431, 43439, 43439, 43658, 43658, 43650, 43642, 43642, 43634, 43626, 43626, 43704, 43704, 43712, 43720, 43728, 43736, 43736, 43744, 43778, 43786, 43802, 43810, 43810, 43802, 43786, 43778, 43970, 43970, 43970, 43970, 43970, 43970, 43970, 43970, 44021, 44020, 44037, 44052, 44068, 44085, 44100, 44101, 44209, 44227, 44242, 44251, 44251, 44242, 44227, 44209, 44055, 44063, 44071, 44086, 44102, 44117, 44128, 44134, 44172, 44147, 44124, 44112, 44120, 44148, 44187, 44212, 44117, 44133, 44141, 44141, 44133, 44117, 44101, 44077, 43975, 44001, 44015, 43975, 43918, 43853, 43829, 43843, 43800, 43800, 43800, 43800, 43800, 43800, 43800, 43800, 43576, 43576, 43568, 43560, 43560, 43552, 43544, 43544, 43305, 43286, 43273, 43255, 43247, 43253, 43262, 43269, 43072, 43064, 43064, 43056, 43048, 43040, 43032, 43032, 42787, 42787, 42787, 42787, 42787, 42787, 42787, 42787, 42510, 42510, 42510, 42510, 42510, 42510, 42510, 42510, 42275, 42273, 42267, 42261, 42261, 42255, 42241, 42247, 42092, 42092, 42092, 42092, 42092, 42092, 42092, 42092, 41755, 41755, 41747, 41739, 41739, 41731, 41723, 41723, 41451, 41451, 41451, 41451, 41451, 41451, 41451, 41451, 41144, 41128, 41120, 41096, 41080, 41056, 41032, 41032, 40718, 40716, 40710, 40704, 40696, 40690, 40684, 40682, 40533, 40533, 40517, 40501, 40493, 40477, 40461, 40461, 40256, 40248, 40240, 40224, 40208, 40192, 40176, 40176, 39864, 39856, 39856, 39848, 39840, 39832, 39824, 39824, 39528, 39528, 39520, 39512, 39504, 39496, 39488, 39488, 39256, 39256, 39256, 39256, 39256, 39256, 39256, 39256, 39064, 39064, 39064, 39064, 39064, 39064, 39064, 39064, 38736, 38736, 38736, 38736, 38736, 38736, 38736, 38736, 38632, 38632, 38632, 38632, 38632, 38632, 38632, 38632, 38384, 38384, 38384, 38384, 38384, 38384, 38384, 38384, 38064, 38064, 38064, 38064, 38064, 38064, 38064, 38064, 37928, 37928, 37928, 37928, 37928, 37928, 37928, 37928, 37833, 37834, 37833, 37834, 37834, 37833, 37834, 37833, 37600, 37600, 37600, 37600, 37600, 37600, 37600, 37600, 37512, 37512, 37512, 37512, 37512, 37512, 37512, 37512, 37368, 37360, 37360, 37352, 37344, 37336, 37328, 37328, 37280, 37280, 37280, 37280, 37280, 37280, 37280, 37280, 37264, 37264, 37264, 37264, 37264, 37264, 37264, 37264, 37248, 37248, 37248, 37248, 37248, 37248, 37248, 37248, 37200, 37200, 37200, 37200, 37200, 37200, 37200, 37200, 37120, 37120, 37120, 37120, 37120, 37120, 37120, 37120, 37056, 37056, 37056, 37056, 37056, 37056, 37056, 37056, 36896, 36896, 36896, 36896, 36896, 36896, 36896, 36896, 36880, 36880, 36880, 36880, 36880, 36880, 36880, 36880, 36880, 36880, 36880, 36880, 36880, 36880, 36880, 36880, 36800, 36800, 36800, 36800, 36800, 36800, 36800, 36800, 36816, 36816, 36816, 36816, 36816, 36816, 36816, 36816, 36800, 36800, 36800, 36800, 36800, 36800, 36800, 36800, 36800, 36800, 36800, 36800, 36800, 36800, 36800, 36800, 36800, 36800, 36800, 36800, 36800, 36800, 36800, 36800, 36800, 36800, 36800, 36800, 36800, 36800, 36800, 36800, 36800, 36800, 36800, 36800, 36800, 36800, 36800, 36800, 36800, 36800, 36800, 36800, 36800, 36800, 36800, 36800, 36800, 36800, 36800, 36800, 36800, 36800, 36800, 36800, 36800, 36800, 36800, 36800, 36800, 36800, 36800, 36800, 36800, 36800, 36800, 36800, 36800, 36800, 36800, 36800, 36800, 36800, 36800, 36800, 36800, 36800, 36800, 36800, 36800, 36800, 36800, 36800, 36800, 36800, 36800, 36800, 36800, 36800, 36800, 36800, 36800, 36800, 36800, 36800, 36800, 36800, 36800, 36800, 36800, 36800, 36800, 36800, 36800, 36800, 36800, 36800, 36800, 36800, 36800, 36800, 36800, 36800, 36800, 36800, 36800, 36800, 36800, 36800, 36800, 36800, 36800, 36800, 36800, 36800, 36800, 36800, 36800, 36800, 36800, 36800, 36800, 36800, 36800, 36800, 36800, 36800, 36800, 36800, 36800, 36800, 36800, 36800, 36800, 36800, 36800, 36800, 36800, 36800, 36800, 36800, 36800, 36800, 36800, 36800, 36800, 36800, 36800, 36800, 36800, 36800, 36800, 36800, 36800, 36800, 36800, 36800, 36800, 36800, 36800, 36800, 36800, 36800, 36800, 36800, 36800, 36800, 36800, 36800, 36800, 36800, 36800, 36800, 36800, 36800, 36800, 36800, 36800, 36800, 36800, 36800, 36800, 36800, 36800, 36800, 36800, 36800, 36800, 36800, 36800, 36800, 36800, 36800, 36800, 36800, 36800, 36800, 36800, 36800, 36800, 36800, 36800, 36800, 36800, 36800, 36800, 36800, 36800, 36800, 36800, 36800, 36800, 36800, 36800, 36800, 36800, 36800, 36800, 36800, 36800, 36800, 36800, 36800, 36800, 36800, 36800, 36800, 36800, 36800, 36800, 36800, 36800, 36800, 36800, 36800, 36800, 36800, 36800, 36800, 36800, 36800, 36800,