{"hab_spec": {"Source": "Water", "Lat": 28.209755667, "Lon": -82.3639285, "GPS_Alt": 22.3, "GPS_UTC": "03:49:12", "GPS_Nsat_Inview": 6, "GPS_Status": 3, "DateTime": "2023-0718-034913.808", "Exposure": 500.0, "sat_pix_n": 0, "Pix_minv": 36796, "Pix_maxv": 44306, "summed_rows": 800, "spectra": [36800, 36800, 36800, 36800, 36800, 36800, 36800, 36800, 36800, 36800, 36800, 36800, 36800, 36800, 36800, 36800, 36800, 36800, 36800, 36800, 36800, 36800, 36800, 36800, 36800, 36800, 36800, 36800, 36800, 36800, 36800, 36800, 36800, 36800, 36800, 36800, 36800, 36800, 36800, 36800, 36800, 36800, 36800, 36800, 36800, 36800, 36800, 36800, 36800, 36800, 36800, 36800, 36800, 36800, 36800, 36800, 36800, 36800, 36800, 36800, 36800, 36800, 36800, 36800, 36864, 36864, 36864, 36864, 36864, 36864, 36864, 36864, 37104, 37104, 37104, 37104, 37104, 37104, 37104, 37104, 37280, 37280, 37280, 37280, 37280, 37280, 37280, 37280, 37816, 37816, 37824, 37832, 37840, 37848, 37848, 37856, 38328, 38328, 38368, 38408, 38432, 38472, 38488, 38512, 39152, 39184, 39208, 39264, 39320, 39376, 39416, 39432, 40448, 40472, 40616, 40784, 40952, 41120, 41176, 41288, 41957, 41975, 42045, 42131, 42179, 42265, 42343, 42353, 43003, 43003, 43003, 43003, 43003, 43003, 43003, 43003, 43015, 43015, 43007, 42999, 42991, 42983, 42975, 42975, 42603, 42603, 42579, 42555, 42531, 42507, 42499, 42483, 42078, 42071, 42022, 41967, 41935, 41878, 41839, 41822, 40980, 40980, 40964, 40948, 40948, 40932, 40916, 40916, 40612, 40604, 40588, 40564, 40540, 40516, 40500, 40492, 40000, 39992, 39984, 39968, 39952, 39936, 39920, 39920, 39604, 39604, 39588, 39572, 39564, 39548, 39532, 39532, 39277, 39277, 39269, 39261, 39253, 39245, 39237, 39237, 39144, 39144, 39144, 39144, 39144, 39144, 39144, 39144, 39088, 39088, 39088, 39088, 39088, 39088, 39088, 39088, 39124, 39124, 39124, 39124, 39124, 39124, 39124, 39124, 39220, 39220, 39220, 39220, 39220, 39220, 39220, 39220, 39392, 39392, 39392, 39392, 39392, 39392, 39392, 39392, 39572, 39572, 39572, 39572, 39572, 39572, 39572, 39572, 39788, 39772, 39772, 39764, 39772, 39796, 39804, 39828, 40028, 40028, 40036, 40044, 40052, 40060, 40060, 40068, 40368, 40368, 40376, 40384, 40392, 40400, 40400, 40408, 40734, 40734, 40734, 40734, 40726, 40726, 40726, 40726, 40924, 40924, 40932, 40940, 40948, 40956, 40956, 40964, 41336, 41336, 41352, 41368, 41384, 41400, 41400, 41416, 41763, 41763, 41779, 41795, 41795, 41811, 41827, 41827, 41964, 41964, 41964, 41964, 41964, 41964, 41964, 41964, 42139, 42139, 42139, 42139, 42139, 42139, 42139, 42139, 42227, 42227, 42227, 42227, 42227, 42227, 42227, 42227, 42453, 42453, 42461, 42469, 42477, 42485, 42485, 42493, 42457, 42449, 42449, 42441, 42433, 42425, 42417, 42417, 42550, 42550, 42550, 42550, 42550, 42550, 42550, 42550, 42690, 42690, 42690, 42690, 42690, 42690, 42690, 42690, 42648, 42648, 42648, 42648, 42648, 42648, 42648, 42648, 42650, 42642, 42626, 42618, 42618, 42626, 42642, 42650, 42737, 42727, 42725, 42721, 42713, 42701, 42695, 42697, 42764, 42764, 42764, 42764, 42764, 42764, 42764, 42764, 42864, 42880, 42888, 42904, 42904, 42888, 42880, 42864, 42974, 42974, 42982, 42990, 42990, 42998, 43006, 43006, 43028, 43026, 43024, 43028, 43028, 43024, 43026, 43028, 43112, 43104, 43104, 43096, 43088, 43080, 43072, 43072, 43148, 43149, 43148, 43149, 43149, 43148, 43149, 43148, 43103, 43103, 43103, 43103, 43103, 43103, 43103, 43103, 43249, 43249, 43249, 43249, 43249, 43249, 43249, 43249, 43407, 43407, 43407, 43407, 43407, 43407, 43407, 43407, 43548, 43540, 43524, 43516, 43516, 43524, 43540, 43548, 43562, 43562, 43562, 43562, 43562, 43562, 43562, 43562, 43631, 43631, 43639, 43647, 43655, 43663, 43671, 43671, 43786, 43786, 43786, 43786, 43786, 43786, 43786, 43786, 43946, 43938, 43922, 43914, 43914, 43922, 43938, 43946, 44191, 44167, 44143, 44127, 44135, 44167, 44199, 44223, 44272, 44272, 44272, 44272, 44272, 44272, 44272, 44272, 44270, 44272, 44278, 44284, 44292, 44298, 44304, 44306, 44286, 44278, 44270, 44254, 44246, 44230, 44214, 44214, 44095, 44087, 44087, 44079, 44071, 44063, 44055, 44055, 43931, 43982, 44024, 44017, 43966, 43916, 43906, 43904, 43815, 43807, 43799, 43783, 43775, 43759, 43743, 43743, 43553, 43549, 43537, 43521, 43513, 43497, 43485, 43481, 43250, 43250, 43242, 43234, 43226, 43218, 43210, 43210, 43050, 43048, 43034, 43020, 43012, 42998, 42984, 42982, 42785, 42785, 42793, 42801, 42809, 42817, 42825, 42825, 42568, 42560, 42560, 42552, 42544, 42536, 42528, 42528, 42310, 42310, 42310, 42310, 42310, 42310, 42310, 42310, 42032, 42033, 42032, 42033, 42033, 42032, 42033, 42032, 41863, 41871, 41871, 41871, 41863, 41831, 41799, 41791, 41412, 41412, 41412, 41412, 41412, 41412, 41412, 41412, 41096, 41096, 41088, 41080, 41080, 41072, 41064, 41064, 40760, 40760, 40744, 40728, 40720, 40704, 40696, 40688, 40520, 40504, 40504, 40488, 40472, 40456, 40440, 40440, 40136, 40136, 40136, 40136, 40136, 40136, 40136, 40136, 39700, 39700, 39684, 39668, 39652, 39636, 39628, 39620, 39480, 39480, 39480, 39480, 39480, 39480, 39480, 39480, 39264, 39264, 39256, 39248, 39240, 39232, 39224, 39224, 39005, 39005, 39005, 39005, 39005, 39005, 39005, 39005, 38736, 38736, 38736, 38736, 38736, 38736, 38736, 38736, 38584, 38584, 38584, 38584, 38584, 38584, 38584, 38584, 38336, 38336, 38336, 38336, 38336, 38336, 38336, 38336, 38136, 38136, 38136, 38136, 38136, 38136, 38136, 38136, 37928, 37928, 37928, 37928, 37928, 37928, 37928, 37928, 37865, 37866, 37865, 37866, 37866, 37865, 37866, 37865, 37544, 37544, 37544, 37544, 37544, 37544, 37544, 37544, 37560, 37552, 37552, 37544, 37536, 37528, 37520, 37520, 37320, 37312, 37312, 37304, 37296, 37288, 37280, 37280, 37280, 37280, 37280, 37280, 37280, 37280, 37280, 37280, 37216, 37216, 37216, 37216, 37216, 37216, 37216, 37216, 37216, 37216, 37216, 37216, 37216, 37216, 37216, 37216, 37120, 37120, 37120, 37120, 37120, 37120, 37120, 37120, 37072, 37072, 37072, 37072, 37072, 37072, 37072, 37072, 37072, 37072, 37072, 37072, 37072, 37072, 37072, 37072, 36944, 36944, 36944, 36944, 36944, 36944, 36944, 36944, 36832, 36832, 36832, 36832, 36832, 36832, 36832, 36832, 36848, 36848, 36848, 36848, 36848, 36848, 36848, 36848, 36800, 36800, 36800, 36800, 36800, 36800, 36800, 36800, 36800, 36800, 36800, 36800, 36800, 36800, 36800, 36800, 36800, 36800, 36800, 36800, 36800, 36800, 36800, 36800, 36800, 36800, 36800, 36800, 36800, 36800, 36800, 36800, 36800, 36800, 36800, 36800, 36800, 36800, 36800, 36800, 36800, 36800, 36800, 36800, 36800, 36800, 36800, 36800, 36796, 36796, 36796, 36796, 36796, 36796, 36796, 36796, 36800, 36800, 36800, 36800, 36800, 36800, 36800, 36800, 36800, 36800, 36800, 36800, 36800, 36800, 36800, 36800, 36800, 36800, 36800, 36800, 36800, 36800, 36800, 36800, 36800, 36800, 36800, 36800, 36800, 36800, 36800, 36800, 36800, 36800, 36800, 36800, 36800, 36800, 36800, 36800, 36800, 36800, 36800, 36800, 36800, 36800, 36800, 36800, 36800, 36800, 36800, 36800, 36800, 36800, 36800, 36800, 36800, 36800, 36800, 36800, 36800, 36800, 36800, 36800, 36800, 36800, 36800, 36800, 36800, 36800, 36800, 36800, 36800, 36800, 36800, 36800, 36800, 36800, 36800, 36800, 36800, 36800, 36800, 36800, 36800, 36800, 36800, 36800, 36800, 36800, 36800, 36800, 36800, 36800, 36800, 36800, 36800, 36800, 36800, 36800, 36800, 36800, 36800, 36800, 36800, 36800, 36800, 36800, 36800, 36800, 36800, 36800, 36800, 36800, 36800, 36800, 36800, 36800, 36800, 36800, 36800, 36800, 36800, 36800, 36800, 36800, 36800, 36800, 36800, 36800, 36800, 36800, 36800, 36800, 36800, 36800, 36800, 36800, 36800, 36800, 36800, 36800, 36800, 36800, 36800, 36800, 36800, 36800, 36800, 36800, 36800, 36800, 36800, 36800, 36800, 36800, 36800, 36800, 36800, 36800, 36800, 36800, 36800, 36800, 36800, 36800, 36800, 36800, 36800, 36800, 36800, 36800, 36800, 36800, 36800, 36800, 36800, 36800, 36800, 36800, 36800, 36800, 36800, 36800, 36800, 36800, 36800, 36800, 36800, 36800, 36800, 36800, 36800, 36800, 36800, 36800, 36800, 36800, 36800, 36800, 36800, 36800, 36800, 36800, 36800, 36800, 36800, 36800, 36800, 36800, 36800, 36800, 36800,