{"hab_spec": {"Source": "Water", "Lat": 28.209753667, "Lon": -82.363929833, "GPS_Alt": 22.4, "GPS_UTC": "03:49:07", "GPS_Nsat_Inview": 6, "GPS_Status": 3, "DateTime": "2023-0718-034909.104", "Exposure": 500.0, "sat_pix_n": 0, "Pix_minv": 36800, "Pix_maxv": 44181, "summed_rows": 800, "spectra": [36800, 36800, 36800, 36800, 36800, 36800, 36800, 36800, 36800, 36800, 36800, 36800, 36800, 36800, 36800, 36800, 36800, 36800, 36800, 36800, 36800, 36800, 36800, 36800, 36800, 36800, 36800, 36800, 36800, 36800, 36800, 36800, 36800, 36800, 36800, 36800, 36800, 36800, 36800, 36800, 36800, 36800, 36800, 36800, 36800, 36800, 36800, 36800, 36800, 36800, 36800, 36800, 36800, 36800, 36800, 36800, 36800, 36800, 36800, 36800, 36800, 36800, 36800, 36800, 36832, 36832, 36832, 36832, 36832, 36832, 36832, 36832, 37072, 37072, 37072, 37072, 37072, 37072, 37072, 37072, 37344, 37344, 37344, 37344, 37344, 37344, 37344, 37344, 37795, 37795, 37827, 37859, 37891, 37923, 37923, 37955, 38336, 38336, 38352, 38368, 38376, 38392, 38400, 38408, 39104, 39152, 39152, 39200, 39248, 39296, 39344, 39344, 40469, 40491, 40606, 40741, 40877, 41012, 41068, 41148, 42016, 42040, 42112, 42208, 42272, 42368, 42432, 42464, 42960, 42960, 42984, 43008, 43032, 43056, 43072, 43080, 43002, 43002, 43018, 43026, 43018, 42994, 42970, 42962, 42716, 42716, 42700, 42684, 42668, 42652, 42644, 42636, 42001, 41993, 41961, 41921, 41881, 41841, 41817, 41801, 40980, 40980, 40964, 40949, 40933, 40918, 40907, 40901, 40312, 40312, 40304, 40296, 40288, 40280, 40272, 40272, 40048, 40040, 40024, 40000, 39976, 39952, 39928, 39928, 39664, 39664, 39656, 39648, 39640, 39632, 39624, 39624, 39336, 39336, 39336, 39336, 39336, 39336, 39336, 39336, 39016, 39016, 39016, 39016, 39016, 39016, 39016, 39016, 39032, 39032, 39032, 39032, 39032, 39032, 39032, 39032, 39128, 39128, 39128, 39128, 39128, 39128, 39128, 39128, 39232, 39232, 39232, 39232, 39232, 39232, 39232, 39232, 39320, 39320, 39320, 39320, 39320, 39320, 39320, 39320, 39588, 39588, 39596, 39604, 39612, 39620, 39628, 39628, 39916, 39916, 39916, 39916, 39916, 39916, 39916, 39916, 40107, 40107, 40107, 40107, 40107, 40107, 40107, 40107, 40331, 40315, 40307, 40307, 40307, 40323, 40347, 40363, 40688, 40688, 40712, 40736, 40760, 40784, 40792, 40808, 40958, 40958, 40966, 40974, 40974, 40982, 40990, 40990, 41397, 41397, 41405, 41413, 41413, 41421, 41429, 41429, 41744, 41752, 41760, 41776, 41792, 41808, 41816, 41824, 41939, 41939, 41939, 41939, 41939, 41939, 41939, 41939, 42156, 42156, 42164, 42172, 42180, 42188, 42188, 42196, 42271, 42271, 42271, 42271, 42271, 42271, 42271, 42271, 42464, 42464, 42464, 42464, 42464, 42464, 42464, 42464, 42560, 42536, 42528, 42504, 42496, 42504, 42504, 42520, 42528, 42528, 42528, 42528, 42528, 42528, 42528, 42528, 42697, 42697, 42689, 42681, 42673, 42665, 42657, 42657, 42719, 42719, 42719, 42719, 42719, 42719, 42719, 42719, 42694, 42679, 42670, 42655, 42655, 42670, 42679, 42694, 42781, 42781, 42789, 42797, 42797, 42805, 42813, 42813, 42783, 42791, 42799, 42807, 42799, 42775, 42751, 42743, 42877, 42877, 42885, 42893, 42901, 42909, 42917, 42917, 42916, 42916, 42916, 42916, 42916, 42916, 42916, 42916, 43102, 43103, 43102, 43103, 43103, 43102, 43103, 43102, 43101, 43101, 43109, 43117, 43125, 43133, 43133, 43141, 43068, 43068, 43076, 43084, 43092, 43100, 43108, 43108, 43229, 43229, 43229, 43229, 43229, 43229, 43229, 43229, 43304, 43304, 43304, 43304, 43304, 43304, 43304, 43304, 43383, 43391, 43407, 43415, 43415, 43407, 43391, 43383, 43488, 43488, 43496, 43504, 43512, 43520, 43520, 43528, 43550, 43550, 43550, 43550, 43550, 43550, 43550, 43550, 43570, 43554, 43538, 43530, 43530, 43538, 43554, 43570, 43731, 43731, 43731, 43731, 43731, 43731, 43731, 43731, 43938, 43938, 43938, 43938, 43938, 43938, 43938, 43938, 43987, 43989, 44007, 44019, 44035, 44055, 44053, 44067, 44181, 44181, 44181, 44181, 44181, 44181, 44181, 44181, 44095, 44095, 44095, 44095, 44095, 44095, 44095, 44095, 44168, 44166, 44164, 44168, 44168, 44164, 44166, 44168, 44047, 44047, 44047, 44047, 44047, 44047, 44047, 44047, 43903, 43954, 44003, 44007, 43963, 43920, 43908, 43916, 43852, 43848, 43836, 43820, 43804, 43788, 43776, 43772, 43536, 43536, 43528, 43520, 43520, 43512, 43504, 43504, 43292, 43300, 43316, 43324, 43324, 43316, 43300, 43292, 43159, 43159, 43151, 43143, 43135, 43127, 43119, 43119, 42777, 42775, 42761, 42747, 42731, 42717, 42711, 42701, 42533, 42533, 42517, 42501, 42493, 42477, 42461, 42461, 42303, 42295, 42295, 42287, 42279, 42271, 42263, 42263, 42091, 42091, 42075, 42059, 42043, 42027, 42019, 42011, 41852, 41852, 41844, 41836, 41828, 41820, 41820, 41812, 41480, 41480, 41472, 41464, 41456, 41448, 41448, 41440, 41048, 41048, 41040, 41032, 41032, 41024, 41016, 41016, 40848, 40848, 40848, 40848, 40848, 40848, 40848, 40848, 40466, 40466, 40450, 40434, 40418, 40402, 40394, 40386, 40120, 40112, 40112, 40104, 40096, 40088, 40080, 40080, 39876, 39852, 39852, 39828, 39804, 39780, 39756, 39756, 39488, 39488, 39488, 39488, 39488, 39488, 39488, 39488, 39256, 39256, 39256, 39256, 39256, 39256, 39256, 39256, 38928, 38928, 38928, 38928, 38928, 38928, 38928, 38928, 38696, 38696, 38696, 38696, 38696, 38696, 38696, 38696, 38640, 38640, 38640, 38640, 38640, 38640, 38640, 38640, 38340, 38338, 38336, 38340, 38340, 38336, 38338, 38340, 38120, 38120, 38120, 38120, 38120, 38120, 38120, 38120, 37960, 37960, 37960, 37960, 37960, 37960, 37960, 37960, 37832, 37824, 37824, 37816, 37808, 37800, 37792, 37792, 37536, 37536, 37536, 37536, 37536, 37536, 37536, 37536, 37512, 37512, 37512, 37512, 37512, 37512, 37512, 37512, 37376, 37376, 37376, 37376, 37376, 37376, 37376, 37376, 37312, 37312, 37312, 37312, 37312, 37312, 37312, 37312, 37248, 37248, 37248, 37248, 37248, 37248, 37248, 37248, 37200, 37200, 37200, 37200, 37200, 37200, 37200, 37200, 37168, 37168, 37168, 37168, 37168, 37168, 37168, 37168, 37104, 37104, 37104, 37104, 37104, 37104, 37104, 37104, 37056, 37056, 37056, 37056, 37056, 37056, 37056, 37056, 36976, 36976, 36976, 36976, 36976, 36976, 36976, 36976, 36912, 36912, 36912, 36912, 36912, 36912, 36912, 36912, 36848, 36848, 36848, 36848, 36848, 36848, 36848, 36848, 36800, 36800, 36800, 36800, 36800, 36800, 36800, 36800, 36800, 36800, 36800, 36800, 36800, 36800, 36800, 36800, 36800, 36800, 36800, 36800, 36800, 36800, 36800, 36800, 36800, 36800, 36800, 36800, 36800, 36800, 36800, 36800, 36800, 36800, 36800, 36800, 36800, 36800, 36800, 36800, 36800, 36800, 36800, 36800, 36800, 36800, 36800, 36800, 36800, 36800, 36800, 36800, 36800, 36800, 36800, 36800, 36800, 36800, 36800, 36800, 36800, 36800, 36800, 36800, 36800, 36800, 36800, 36800, 36800, 36800, 36800, 36800, 36800, 36800, 36800, 36800, 36800, 36800, 36800, 36800, 36800, 36800, 36800, 36800, 36800, 36800, 36800, 36800, 36800, 36800, 36800, 36800, 36800, 36800, 36800, 36800, 36800, 36800, 36800, 36800, 36800, 36800, 36800, 36800, 36800, 36800, 36800, 36800, 36800, 36800, 36800, 36800, 36800, 36800, 36800, 36800, 36800, 36800, 36800, 36800, 36800, 36800, 36800, 36800, 36800, 36800, 36800, 36800, 36800, 36800, 36800, 36800, 36800, 36800, 36800, 36800, 36800, 36800, 36800, 36800, 36800, 36800, 36800, 36800, 36800, 36800, 36800, 36800, 36800, 36800, 36800, 36800, 36800, 36800, 36800, 36800, 36800, 36800, 36800, 36800, 36800, 36800, 36800, 36800, 36800, 36800, 36800, 36800, 36800, 36800, 36800, 36800, 36800, 36800, 36800, 36800, 36800, 36800, 36800, 36800, 36800, 36800, 36800, 36800, 36800, 36800, 36800, 36800, 36800, 36800, 36800, 36800, 36800, 36800, 36800, 36800, 36800, 36800, 36800, 36800, 36800, 36800, 36800, 36800, 36800, 36800, 36800, 36800, 36800, 36800, 36800, 36800, 36800, 36800, 36800, 36800, 36800, 36800, 36800, 36800, 36800, 36800, 36800, 36800, 36800, 36800, 36800, 36800, 36800, 36800, 36800, 36800, 36800, 36800, 36800, 36800, 36800, 36800, 36800, 36800, 36800, 36800, 36800, 36800, 36800, 36800, 36800, 36800, 36800, 36800, 36800, 36800, 36800, 36800, 36800, 36800, 36800, 36800, 36800, 36800, 36800, 36800, 36800, 36800, 36800, 36800, 36800, 36800, 