{"hab_spec": {"Source": "Water", "Lat": 28.209751333, "Lon": -82.363931833, "GPS_Alt": 22.4, "GPS_UTC": "03:49:03", "GPS_Nsat_Inview": 6, "GPS_Status": 3, "DateTime": "2023-0718-034904.425", "Exposure": 500.0, "sat_pix_n": 0, "Pix_minv": 36800, "Pix_maxv": 44335, "summed_rows": 800, "spectra": [36800, 36800, 36800, 36800, 36800, 36800, 36800, 36800, 36800, 36800, 36800, 36800, 36800, 36800, 36800, 36800, 36800, 36800, 36800, 36800, 36800, 36800, 36800, 36800, 36800, 36800, 36800, 36800, 36800, 36800, 36800, 36800, 36800, 36800, 36800, 36800, 36800, 36800, 36800, 36800, 36800, 36800, 36800, 36800, 36800, 36800, 36800, 36800, 36800, 36800, 36800, 36800, 36800, 36800, 36800, 36800, 36800, 36800, 36800, 36800, 36800, 36800, 36800, 36800, 36880, 36880, 36880, 36880, 36880, 36880, 36880, 36880, 37168, 37168, 37168, 37168, 37168, 37168, 37168, 37168, 37360, 37360, 37360, 37360, 37360, 37360, 37360, 37360, 38008, 38008, 38048, 38088, 38104, 38144, 38168, 38184, 38520, 38520, 38552, 38584, 38608, 38640, 38648, 38672, 39448, 39480, 39544, 39640, 39736, 39832, 39904, 39928, 40725, 40755, 40894, 41061, 41205, 41372, 41468, 41540, 42324, 42356, 42404, 42483, 42555, 42634, 42685, 42715, 43296, 43296, 43320, 43344, 43368, 43392, 43400, 43416, 43219, 43211, 43211, 43203, 43195, 43187, 43179, 43179, 42852, 42848, 42819, 42788, 42756, 42725, 42696, 42692, 42080, 42072, 42064, 42048, 42032, 42016, 42000, 42000, 41424, 41400, 41352, 41288, 41264, 41232, 41200, 41208, 40640, 40632, 40632, 40624, 40616, 40608, 40600, 40600, 40008, 39992, 39992, 39976, 39960, 39944, 39928, 39928, 39616, 39616, 39608, 39600, 39592, 39584, 39576, 39576, 39272, 39272, 39272, 39272, 39272, 39272, 39272, 39272, 39144, 39144, 39144, 39144, 39144, 39144, 39144, 39144, 39093, 39093, 39093, 39093, 39093, 39093, 39093, 39093, 39112, 39112, 39112, 39112, 39112, 39112, 39112, 39112, 39276, 39276, 39276, 39276, 39276, 39276, 39276, 39276, 39456, 39456, 39456, 39456, 39456, 39456, 39456, 39456, 39672, 39672, 39688, 39704, 39720, 39736, 39744, 39752, 39947, 39947, 39955, 39963, 39971, 39979, 39987, 39987, 40124, 40124, 40140, 40156, 40172, 40188, 40188, 40204, 40368, 40368, 40376, 40384, 40384, 40392, 40400, 40400, 40808, 40808, 40824, 40840, 40848, 40864, 40872, 40880, 41164, 41164, 41172, 41180, 41180, 41188, 41196, 41196, 41763, 41763, 41763, 41763, 41763, 41763, 41763, 41763, 41903, 41903, 41911, 41919, 41927, 41935, 41935, 41943, 42096, 42096, 42104, 42112, 42120, 42128, 42128, 42136, 42269, 42269, 42269, 42269, 42269, 42269, 42269, 42269, 42380, 42380, 42388, 42396, 42396, 42404, 42412, 42412, 42585, 42585, 42585, 42585, 42585, 42585, 42585, 42585, 42691, 42691, 42691, 42691, 42691, 42691, 42691, 42691, 42701, 42701, 42709, 42717, 42725, 42733, 42741, 42741, 42771, 42771, 42771, 42771, 42771, 42771, 42771, 42771, 42682, 42682, 42690, 42698, 42706, 42714, 42722, 42722, 42891, 42891, 42891, 42891, 42891, 42891, 42891, 42891, 42805, 42821, 42829, 42845, 42845, 42829, 42821, 42805, 42919, 42927, 42927, 42935, 42943, 42951, 42959, 42959, 43036, 43028, 43028, 43020, 43012, 43004, 42996, 42996, 43074, 43074, 43074, 43074, 43074, 43074, 43074, 43074, 43196, 43196, 43196, 43196, 43196, 43196, 43196, 43196, 43143, 43143, 43143, 43143, 43143, 43143, 43143, 43143, 43286, 43286, 43294, 43302, 43302, 43310, 43318, 43318, 43231, 43234, 43235, 43247, 43255, 43258, 43266, 43270, 43327, 43327, 43327, 43327, 43327, 43327, 43327, 43327, 43420, 43420, 43436, 43452, 43460, 43476, 43484, 43492, 43615, 43615, 43615, 43615, 43615, 43615, 43615, 43615, 43746, 43746, 43746, 43746, 43746, 43746, 43746, 43746, 43747, 43747, 43747, 43747, 43747, 43747, 43747, 43747, 43882, 43882, 43882, 43882, 43882, 43882, 43882, 43882, 44019, 44019, 44011, 44027, 44051, 44083, 44123, 44139, 44335, 44335, 44335, 44335, 44335, 44335, 44335, 44335, 44324, 44322, 44320, 44324, 44324, 44320, 44322, 44324, 44250, 44266, 44282, 44290, 44290, 44282, 44266, 44250, 44292, 44292, 44292, 44292, 44292, 44292, 44292, 44292, 44185, 44177, 44153, 44137, 44129, 44129, 44145, 44153, 44114, 44123, 44130, 44134, 44126, 44106, 44099, 44074, 43884, 43885, 43884, 43885, 43885, 43884, 43885, 43884, 43619, 43610, 43611, 43602, 43594, 43587, 43578, 43579, 43313, 43313, 43321, 43329, 43337, 43345, 43345, 43353, 43079, 43079, 43079, 43079, 43079, 43079, 43079, 43079, 42944, 42936, 42936, 42928, 42920, 42912, 42904, 42904, 42629, 42629, 42629, 42629, 42629, 42629, 42629, 42629, 42463, 42455, 42447, 42431, 42423, 42407, 42391, 42391, 42099, 42097, 42097, 42098, 42098, 42100, 42099, 42096, 41791, 41783, 41767, 41743, 41727, 41703, 41679, 41679, 41664, 41664, 41664, 41664, 41664, 41664, 41664, 41664, 41145, 41145, 41137, 41129, 41129, 41121, 41113, 41113, 40972, 40954, 40940, 40910, 40886, 40856, 40826, 40824, 40520, 40512, 40512, 40504, 40496, 40488, 40480, 40480, 40171, 40163, 40163, 40155, 40147, 40139, 40131, 40131, 39812, 39812, 39812, 39812, 39812, 39812, 39812, 39812, 39560, 39560, 39552, 39544, 39536, 39528, 39528, 39520, 39329, 39322, 39321, 39314, 39306, 39297, 39290, 39289, 39056, 39056, 39056, 39056, 39056, 39056, 39056, 39056, 38784, 38784, 38784, 38784, 38784, 38784, 38784, 38784, 38640, 38640, 38640, 38640, 38640, 38640, 38640, 38640, 38464, 38464, 38464, 38464, 38464, 38464, 38464, 38464, 38200, 38200, 38200, 38200, 38200, 38200, 38200, 38200, 37976, 37976, 37976, 37976, 37976, 37976, 37976, 37976, 37744, 37744, 37744, 37744, 37744, 37744, 37744, 37744, 37600, 37592, 37592, 37584, 37576, 37568, 37560, 37560, 37616, 37616, 37616, 37616, 37616, 37616, 37616, 37616, 37392, 37392, 37392, 37392, 37392, 37392, 37392, 37392, 37280, 37280, 37280, 37280, 37280, 37280, 37280, 37280, 37248, 37248, 37248, 37248, 37248, 37248, 37248, 37248, 37232, 37232, 37232, 37232, 37232, 37232, 37232, 37232, 37152, 37152, 37152, 37152, 37152, 37152, 37152, 37152, 37104, 37104, 37104, 37104, 37104, 37104, 37104, 37104, 37072, 37072, 37072, 37072, 37072, 37072, 37072, 37072, 37024, 37024, 37024, 37024, 37024, 37024, 37024, 37024, 36912, 36912, 36912, 36912, 36912, 36912, 36912, 36912, 36848, 36848, 36848, 36848, 36848, 36848, 36848, 36848, 36800, 36800, 36800, 36800, 36800, 36800, 36800, 36800, 36800, 36800, 36800, 36800, 36800, 36800, 36800, 36800, 36800, 36800, 36800, 36800, 36800, 36800, 36800, 36800, 36800, 36800, 36800, 36800, 36800, 36800, 36800, 36800, 36800, 36800, 36800, 36800, 36800, 36800, 36800, 36800, 36800, 36800, 36800, 36800, 36800, 36800, 36800, 36800, 36800, 36800, 36800, 36800, 36800, 36800, 36800, 36800, 36800, 36800, 36800, 36800, 36800, 36800, 36800, 36800, 36800, 36800, 36800, 36800, 36800, 36800, 36800, 36800, 36800, 36800, 36800, 36800, 36800, 36800, 36800, 36800, 36800, 36800, 36800, 36800, 36800, 36800, 36800, 36800, 36800, 36800, 36800, 36800, 36800, 36800, 36800, 36800, 36800, 36800, 36800, 36800, 36800, 36800, 36800, 36800, 36800, 36800, 36800, 36800, 36800, 36800, 36800, 36800, 36800, 36800, 36800, 36800, 36800, 36800, 36800, 36800, 36800, 36800, 36800, 36800, 36800, 36800, 36800, 36800, 36800, 36800, 36800, 36800, 36800, 36800, 36800, 36800, 36800, 36800, 36800, 36800, 36800, 36800, 36800, 36800, 36800, 36800, 36800, 36800, 36800, 36800, 36800, 36800, 36800, 36800, 36800, 36800, 36800, 36800, 36800, 36800, 36800, 36800, 36800, 36800, 36800, 36800, 36800, 36800, 36800, 36800, 36800, 36800, 36800, 36800, 36800, 36800, 36800, 36800, 36800, 36800, 36800, 36800, 36800, 36800, 36800, 36800, 36800, 36800, 36800, 36800, 36800, 36800, 36800, 36800, 36800, 36800, 36800, 36800, 36800, 36800, 36800, 36800, 36800, 36800, 36800, 36800, 36800, 36800, 36800, 36800, 36800, 36800, 36800, 36800, 36800, 36800, 36800, 36800, 36800, 36800, 36800, 36800, 36800, 36800, 36800, 36800, 36800, 36800, 36800, 36800, 36800, 36800, 36800, 36800, 36800, 36800, 36800, 36800, 36800, 36800, 36800, 36800, 36800, 36800, 36800, 36800, 36800, 36800, 36800, 36800, 36800, 36800, 36800, 36800, 36800, 36800, 36800, 36800, 36800, 36800, 36800, 36800, 36800, 36800, 36800, 36800, 36800, 36800, 