{"hab_spec": {"Source": "Water", "Lat": 28.209758, "Lon": -82.363925667, "GPS_Alt": 22.8, "GPS_UTC": "03:49:21", "GPS_Nsat_Inview": 6, "GPS_Status": 3, "DateTime": "2023-0718-034922.462", "Exposure": 500.0, "sat_pix_n": 0, "Pix_minv": 36800, "Pix_maxv": 44322, "summed_rows": 800, "spectra": [36800, 36800, 36800, 36800, 36800, 36800, 36800, 36800, 36800, 36800, 36800, 36800, 36800, 36800, 36800, 36800, 36800, 36800, 36800, 36800, 36800, 36800, 36800, 36800, 36800, 36800, 36800, 36800, 36800, 36800, 36800, 36800, 36800, 36800, 36800, 36800, 36800, 36800, 36800, 36800, 36800, 36800, 36800, 36800, 36800, 36800, 36800, 36800, 36800, 36800, 36800, 36800, 36800, 36800, 36800, 36800, 36800, 36800, 36800, 36800, 36800, 36800, 36800, 36800, 36816, 36816, 36816, 36816, 36816, 36816, 36816, 36816, 37056, 37056, 37056, 37056, 37056, 37056, 37056, 37056, 37280, 37280, 37280, 37280, 37280, 37280, 37280, 37280, 37816, 37816, 37840, 37864, 37888, 37912, 37912, 37936, 38368, 38368, 38416, 38464, 38496, 38544, 38560, 38592, 39072, 39112, 39160, 39248, 39336, 39424, 39472, 39512, 40448, 40464, 40592, 40736, 40872, 41016, 41072, 41160, 41883, 41915, 41987, 42091, 42171, 42275, 42355, 42379, 42919, 42927, 42943, 42967, 42991, 43015, 43023, 43039, 43043, 43035, 43035, 43027, 43019, 43011, 43003, 43003, 42667, 42667, 42659, 42651, 42643, 42635, 42627, 42627, 42003, 41987, 41955, 41907, 41867, 41819, 41787, 41771, 41117, 41101, 41093, 41069, 41045, 41021, 40997, 40997, 40352, 40352, 40352, 40352, 40352, 40352, 40352, 40352, 40032, 40024, 40016, 40000, 39984, 39968, 39952, 39952, 39584, 39584, 39576, 39568, 39560, 39552, 39544, 39544, 39224, 39224, 39224, 39224, 39224, 39224, 39224, 39224, 39072, 39072, 39072, 39072, 39072, 39072, 39072, 39072, 38968, 38968, 38968, 38968, 38968, 38968, 38968, 38968, 39029, 39029, 39029, 39029, 39029, 39029, 39029, 39029, 39104, 39104, 39104, 39104, 39104, 39104, 39104, 39104, 39384, 39384, 39384, 39384, 39384, 39384, 39384, 39384, 39696, 39688, 39696, 39696, 39696, 39696, 39696, 39696, 39883, 39883, 39883, 39883, 39883, 39883, 39883, 39883, 40044, 40042, 40056, 40076, 40092, 40104, 40114, 40124, 40379, 40379, 40379, 40379, 40379, 40379, 40379, 40379, 40659, 40659, 40667, 40675, 40675, 40683, 40691, 40691, 41031, 41031, 41039, 41047, 41055, 41063, 41063, 41071, 41264, 41264, 41272, 41280, 41280, 41288, 41296, 41296, 41739, 41748, 41764, 41773, 41773, 41764, 41748, 41739, 41995, 41995, 41995, 41995, 41995, 41995, 41995, 41995, 42037, 42037, 42037, 42037, 42037, 42037, 42037, 42037, 42341, 42342, 42341, 42342, 42342, 42341, 42342, 42341, 42442, 42442, 42442, 42442, 42442, 42442, 42442, 42442, 42504, 42488, 42472, 42464, 42464, 42472, 42488, 42504, 42553, 42553, 42553, 42553, 42553, 42553, 42553, 42553, 42596, 42596, 42596, 42596, 42596, 42596, 42596, 42596, 42649, 42649, 42649, 42649, 42649, 42649, 42649, 42649, 42616, 42616, 42640, 42664, 42688, 42712, 42720, 42736, 42686, 42694, 42718, 42734, 42742, 42742, 42726, 42726, 42826, 42826, 42826, 42826, 42826, 42826, 42826, 42826, 42809, 42809, 42809, 42809, 42809, 42809, 42809, 42809, 43024, 43012, 42996, 42984, 42984, 42996, 43012, 43024, 42936, 42937, 42952, 42969, 42985, 43000, 43001, 43016, 42950, 42950, 42950, 42950, 42950, 42950, 42950, 42950, 43080, 43096, 43104, 43120, 43120, 43104, 43096, 43080, 43104, 43096, 43096, 43088, 43080, 43072, 43064, 43064, 43182, 43182, 43182, 43182, 43182, 43182, 43182, 43182, 43276, 43278, 43280, 43276, 43276, 43280, 43278, 43276, 43492, 43492, 43500, 43508, 43508, 43516, 43524, 43524, 43598, 43598, 43598, 43598, 43598, 43598, 43598, 43598, 43624, 43620, 43624, 43624, 43616, 43616, 43620, 43616, 43810, 43810, 43810, 43810, 43810, 43810, 43810, 43810, 43998, 43998, 43998, 43998, 43998, 43998, 43998, 43998, 44182, 44182, 44182, 44182, 44182, 44182, 44182, 44182, 44075, 44075, 44075, 44075, 44075, 44075, 44075, 44075, 44065, 44064, 44065, 44064, 44064, 44065, 44064, 44065, 44322, 44322, 44314, 44307, 44299, 44292, 44289, 44283, 44082, 44082, 44074, 44066, 44066, 44058, 44050, 44050, 44016, 44018, 44017, 44018, 44018, 44017, 44018, 44016, 43756, 43752, 43740, 43724, 43716, 43700, 43688, 43684, 43505, 43497, 43497, 43489, 43481, 43473, 43465, 43465, 43401, 43368, 43328, 43287, 43287, 43328, 43368, 43401, 43112, 43096, 43088, 43064, 43048, 43024, 43000, 43000, 42805, 42789, 42765, 42749, 42741, 42741, 42757, 42765, 42601, 42601, 42585, 42569, 42553, 42537, 42521, 42521, 42393, 42393, 42393, 42393, 42393, 42393, 42393, 42393, 42020, 42020, 42020, 42020, 42020, 42020, 42020, 42020, 41887, 41887, 41879, 41871, 41871, 41863, 41855, 41855, 41608, 41608, 41608, 41608, 41608, 41608, 41608, 41608, 41144, 41144, 41136, 41128, 41120, 41112, 41112, 41104, 40804, 40788, 40788, 40772, 40756, 40740, 40724, 40724, 40548, 40532, 40532, 40516, 40500, 40484, 40468, 40468, 40176, 40176, 40176, 40176, 40176, 40176, 40176, 40176, 39864, 39856, 39848, 39832, 39816, 39800, 39784, 39784, 39424, 39424, 39424, 39424, 39424, 39424, 39424, 39424, 39168, 39168, 39168, 39168, 39168, 39168, 39168, 39168, 38976, 38976, 38976, 38976, 38976, 38976, 38976, 38976, 38715, 38715, 38715, 38715, 38715, 38715, 38715, 38715, 38632, 38632, 38632, 38632, 38632, 38632, 38632, 38632, 38328, 38320, 38320, 38312, 38304, 38296, 38288, 38288, 38123, 38123, 38123, 38123, 38123, 38123, 38123, 38123, 38000, 38000, 38000, 38000, 38000, 38000, 38000, 38000, 37728, 37728, 37720, 37712, 37712, 37704, 37696, 37696, 37640, 37640, 37640, 37640, 37640, 37640, 37640, 37640, 37483, 37475, 37475, 37467, 37459, 37451, 37443, 37443, 37363, 37363, 37363, 37363, 37363, 37363, 37363, 37363, 37248, 37248, 37248, 37248, 37248, 37248, 37248, 37248, 37248, 37248, 37248, 37248, 37248, 37248, 37248, 37248, 37184, 37184, 37184, 37184, 37184, 37184, 37184, 37184, 37152, 37152, 37152, 37152, 37152, 37152, 37152, 37152, 37088, 37088, 37088, 37088, 37088, 37088, 37088, 37088, 37056, 37056, 37056, 37056, 37056, 37056, 37056, 37056, 36928, 36928, 36928, 36928, 36928, 36928, 36928, 36928, 36912, 36912, 36912, 36912, 36912, 36912, 36912, 36912, 36816, 36816, 36816, 36816, 36816, 36816, 36816, 36816, 36800, 36800, 36800, 36800, 36800, 36800, 36800, 36800, 36800, 36800, 36800, 36800, 36800, 36800, 36800, 36800, 36800, 36800, 36800, 36800, 36800, 36800, 36800, 36800, 36800, 36800, 36800, 36800, 36800, 36800, 36800, 36800, 36800, 36800, 36800, 36800, 36800, 36800, 36800, 36800, 36800, 36800, 36800, 36800, 36800, 36800, 36800, 36800, 36800, 36800, 36800, 36800, 36800, 36800, 36800, 36800, 36800, 36800, 36800, 36800, 36800, 36800, 36800, 36800, 36800, 36800, 36800, 36800, 36800, 36800, 36800, 36800, 36800, 36800, 36800, 36800, 36800, 36800, 36800, 36800, 36800, 36800, 36800, 36800, 36800, 36800, 36800, 36800, 36800, 36800, 36800, 36800, 36800, 36800, 36800, 36800, 36800, 36800, 36800, 36800, 36800, 36800, 36800, 36800, 36800, 36800, 36800, 36800, 36800, 36800, 36800, 36800, 36800, 36800, 36800, 36800, 36800, 36800, 36800, 36800, 36800, 36800, 36800, 36800, 36800, 36800, 36800, 36800, 36800, 36800, 36800, 36800, 36800, 36800, 36800, 36800, 36800, 36800, 36800, 36800, 36800, 36800, 36800, 36800, 36800, 36800, 36800, 36800, 36800, 36800, 36800, 36800, 36800, 36800, 36800, 36800, 36800, 36800, 36800, 36800, 36800, 36800, 36800, 36800, 36800, 36800, 36800, 36800, 36800, 36800, 36800, 36800, 36800, 36800, 36800, 36800, 36800, 36800, 36800, 36800, 36800, 36800, 36800, 36800, 36800, 36800, 36800, 36800, 36800, 36800, 36800, 36800, 36800, 36800, 36800, 36800, 36800, 36800, 36800, 36800, 36800, 36800, 36800, 36800, 36800, 36800, 36800, 36800, 36800, 36800, 36800, 36800, 36800, 36800, 36800, 36800, 36800, 36800, 36800, 36800, 36800, 36800, 36800, 36800, 36800, 36800, 36800, 36800, 36800, 36800, 36800, 36800, 36800, 36800, 36800, 36800, 36800, 36800, 36800, 36800, 36800, 36800, 36800, 36800, 36800, 36800, 36800, 36800, 36800, 36800, 36800, 36800, 36800, 36800, 36800, 36800, 36800, 36800, 36800, 36800, 36800, 36800, 36800, 36800, 36800, 36800, 36800, 36800, 36800, 