{"hab_spec": {"Source": "Water", "Lat": 28.209752667, "Lon": -82.363931, "GPS_Alt": 22.5, "GPS_UTC": "03:49:06", "GPS_Nsat_Inview": 6, "GPS_Status": 3, "DateTime": "2023-0718-034907.565", "Exposure": 500.0, "sat_pix_n": 0, "Pix_minv": 36800, "Pix_maxv": 44296, "summed_rows": 800, "spectra": [36800, 36800, 36800, 36800, 36800, 36800, 36800, 36800, 36800, 36800, 36800, 36800, 36800, 36800, 36800, 36800, 36800, 36800, 36800, 36800, 36800, 36800, 36800, 36800, 36800, 36800, 36800, 36800, 36800, 36800, 36800, 36800, 36800, 36800, 36800, 36800, 36800, 36800, 36800, 36800, 36800, 36800, 36800, 36800, 36800, 36800, 36800, 36800, 36800, 36800, 36800, 36800, 36800, 36800, 36800, 36800, 36800, 36800, 36800, 36800, 36800, 36800, 36800, 36800, 36832, 36832, 36832, 36832, 36832, 36832, 36832, 36832, 37152, 37152, 37152, 37152, 37152, 37152, 37152, 37152, 37328, 37328, 37328, 37328, 37328, 37328, 37328, 37328, 37808, 37808, 37832, 37856, 37872, 37896, 37904, 37920, 38392, 38392, 38440, 38488, 38496, 38544, 38584, 38592, 39120, 39176, 39224, 39328, 39432, 39536, 39600, 39640, 40424, 40464, 40568, 40712, 40848, 40992, 41080, 41136, 41892, 41908, 42012, 42131, 42211, 42330, 42437, 42451, 43017, 43025, 43041, 43065, 43089, 43113, 43137, 43137, 43143, 43143, 43143, 43143, 43143, 43143, 43143, 43143, 42794, 42786, 42754, 42714, 42674, 42634, 42610, 42594, 42072, 42056, 42024, 41976, 41936, 41888, 41856, 41840, 41040, 41016, 41016, 40992, 40968, 40944, 40920, 40920, 40536, 40528, 40520, 40504, 40488, 40472, 40464, 40456, 40032, 40032, 40024, 40016, 40008, 40000, 39992, 39992, 39656, 39656, 39656, 39656, 39656, 39656, 39656, 39656, 39248, 39248, 39248, 39248, 39248, 39248, 39248, 39248, 39064, 39064, 39064, 39064, 39064, 39064, 39064, 39064, 39008, 39008, 39008, 39008, 39008, 39008, 39008, 39008, 39099, 39099, 39099, 39099, 39099, 39099, 39099, 39099, 39200, 39200, 39200, 39200, 39200, 39200, 39200, 39200, 39412, 39412, 39420, 39428, 39436, 39444, 39452, 39452, 39560, 39560, 39560, 39560, 39560, 39560, 39560, 39560, 39900, 39900, 39900, 39900, 39900, 39900, 39900, 39900, 40108, 40108, 40116, 40124, 40132, 40140, 40148, 40148, 40279, 40263, 40247, 40239, 40239, 40247, 40263, 40279, 40632, 40632, 40656, 40680, 40696, 40720, 40728, 40744, 41043, 41043, 41043, 41043, 41043, 41043, 41043, 41043, 41507, 41507, 41507, 41507, 41507, 41507, 41507, 41507, 41816, 41816, 41816, 41816, 41816, 41816, 41816, 41816, 41920, 41928, 41944, 41960, 41960, 41944, 41928, 41920, 42165, 42165, 42165, 42165, 42165, 42165, 42165, 42165, 42246, 42252, 42255, 42262, 42270, 42277, 42285, 42285, 42461, 42461, 42461, 42461, 42461, 42461, 42461, 42461, 42533, 42533, 42533, 42533, 42533, 42533, 42533, 42533, 42521, 42521, 42521, 42521, 42521, 42521, 42521, 42521, 42643, 42643, 42643, 42643, 42643, 42643, 42643, 42643, 42698, 42698, 42698, 42698, 42698, 42698, 42698, 42698, 42698, 42698, 42698, 42698, 42698, 42698, 42698, 42698, 42802, 42802, 42802, 42802, 42802, 42802, 42802, 42802, 42761, 42761, 42753, 42745, 42737, 42729, 42721, 42721, 42930, 42922, 42922, 42914, 42906, 42898, 42890, 42890, 42829, 42829, 42837, 42845, 42853, 42861, 42861, 42869, 43058, 43058, 43058, 43058, 43058, 43058, 43058, 43058, 43085, 43085, 43085, 43085, 43085, 43085, 43085, 43085, 43189, 43189, 43173, 43158, 43142, 43127, 43116, 43110, 43205, 43205, 43205, 43205, 43205, 43205, 43205, 43205, 43226, 43226, 43234, 43242, 43250, 43258, 43258, 43266, 43303, 43303, 43311, 43319, 43327, 43335, 43343, 43343, 43366, 43366, 43374, 43382, 43390, 43398, 43406, 43406, 43677, 43677, 43685, 43693, 43693, 43701, 43709, 43709, 43678, 43678, 43678, 43678, 43678, 43678, 43678, 43678, 43875, 43883, 43899, 43907, 43907, 43899, 43883, 43875, 43902, 43902, 43910, 43918, 43926, 43934, 43942, 43942, 44152, 44152, 44152, 44152, 44152, 44152, 44152, 44152, 44138, 44138, 44130, 44122, 44122, 44114, 44106, 44106, 44131, 44147, 44163, 44171, 44171, 44163, 44147, 44131, 44296, 44296, 44296, 44296, 44296, 44296, 44296, 44296, 44107, 44108, 44108, 44107, 44109, 44108, 44108, 44109, 43923, 43974, 44023, 44027, 43983, 43940, 43928, 43936, 43736, 43737, 43736, 43737, 43737, 43736, 43737, 43736, 43545, 43541, 43535, 43529, 43521, 43515, 43509, 43505, 43296, 43288, 43288, 43280, 43272, 43264, 43256, 43256, 42973, 42957, 42957, 42941, 42925, 42909, 42893, 42893, 42880, 42864, 42864, 42848, 42832, 42816, 42800, 42800, 42566, 42566, 42558, 42550, 42542, 42534, 42526, 42526, 42286, 42286, 42286, 42286, 42286, 42286, 42286, 42286, 42001, 42009, 42025, 42033, 42033, 42025, 42009, 42001, 41765, 41765, 41757, 41749, 41749, 41741, 41733, 41733, 41427, 41427, 41419, 41411, 41411, 41403, 41395, 41395, 41072, 41072, 41064, 41056, 41056, 41048, 41040, 41040, 40864, 40864, 40856, 40848, 40840, 40832, 40824, 40824, 40629, 40619, 40613, 40599, 40583, 40569, 40555, 40553, 40184, 40184, 40184, 40184, 40184, 40184, 40184, 40184, 39760, 39760, 39752, 39744, 39736, 39728, 39720, 39720, 39464, 39464, 39464, 39464, 39464, 39464, 39464, 39464, 39200, 39184, 39184, 39168, 39152, 39136, 39120, 39120, 39016, 39008, 39008, 39000, 38992, 38984, 38976, 38976, 38736, 38736, 38736, 38736, 38736, 38736, 38736, 38736, 38571, 38563, 38563, 38555, 38547, 38539, 38531, 38531, 38320, 38320, 38312, 38304, 38304, 38296, 38288, 38288, 38104, 38104, 38104, 38104, 38104, 38104, 38104, 38104, 37992, 37992, 37992, 37992, 37992, 37992, 37992, 37992, 37800, 37800, 37800, 37800, 37800, 37800, 37800, 37800, 37552, 37552, 37552, 37552, 37552, 37552, 37552, 37552, 37480, 37480, 37480, 37480, 37480, 37480, 37480, 37480, 37328, 37328, 37328, 37328, 37328, 37328, 37328, 37328, 37296, 37296, 37296, 37296, 37296, 37296, 37296, 37296, 37248, 37248, 37248, 37248, 37248, 37248, 37248, 37248, 37200, 37200, 37200, 37200, 37200, 37200, 37200, 37200, 37168, 37168, 37168, 37168, 37168, 37168, 37168, 37168, 37104, 37104, 37104, 37104, 37104, 37104, 37104, 37104, 37104, 37104, 37104, 37104, 37104, 37104, 37104, 37104, 36960, 36960, 36960, 36960, 36960, 36960, 36960, 36960, 36880, 36880, 36880, 36880, 36880, 36880, 36880, 36880, 36832, 36832, 36832, 36832, 36832, 36832, 36832, 36832, 36816, 36816, 36816, 36816, 36816, 36816, 36816, 36816, 36800, 36800, 36800, 36800, 36800, 36800, 36800, 36800, 36800, 36800, 36800, 36800, 36800, 36800, 36800, 36800, 36800, 36800, 36800, 36800, 36800, 36800, 36800, 36800, 36800, 36800, 36800, 36800, 36800, 36800, 36800, 36800, 36800, 36800, 36800, 36800, 36800, 36800, 36800, 36800, 36800, 36800, 36800, 36800, 36800, 36800, 36800, 36800, 36800, 36800, 36800, 36800, 36800, 36800, 36800, 36800, 36800, 36800, 36800, 36800, 36800, 36800, 36800, 36800, 36800, 36800, 36800, 36800, 36800, 36800, 36800, 36800, 36800, 36800, 36800, 36800, 36800, 36800, 36800, 36800, 36800, 36800, 36800, 36800, 36800, 36800, 36800, 36800, 36800, 36800, 36800, 36800, 36800, 36800, 36800, 36800, 36800, 36800, 36800, 36800, 36800, 36800, 36800, 36800, 36800, 36800, 36800, 36800, 36800, 36800, 36800, 36800, 36800, 36800, 36800, 36800, 36800, 36800, 36800, 36800, 36800, 36800, 36800, 36800, 36800, 36800, 36800, 36800, 36800, 36800, 36800, 36800, 36800, 36800, 36800, 36800, 36800, 36800, 36800, 36800, 36800, 36800, 36800, 36800, 36800, 36800, 36800, 36800, 36800, 36800, 36800, 36800, 36800, 36800, 36800, 36800, 36800, 36800, 36800, 36800, 36800, 36800, 36800, 36800, 36800, 36800, 36800, 36800, 36800, 36800, 36800, 36800, 36800, 36800, 36800, 36800, 36800, 36800, 36800, 36800, 36800, 36800, 36800, 36800, 36800, 36800, 36800, 36800, 36800, 36800, 36800, 36800, 36800, 36800, 36800, 36800, 36800, 36800, 36800, 36800, 36800, 36800, 36800, 36800, 36800, 36800, 36800, 36800, 36800, 36800, 36800, 36800, 36800, 36800, 36800, 36800, 36800, 36800, 36800, 36800, 36800, 36800, 36800, 36800, 36800, 36800, 36800, 36800, 36800, 36800, 36800, 36800, 36800, 36800, 36800, 36800, 36800, 36800, 36800, 36800, 36800, 36800, 36800, 36800, 36800, 36800, 36800, 36800, 36800, 36800, 36800, 36800, 36800, 36800, 36800, 36800, 36800, 36800, 36800, 36800, 36800, 