{"hab_spec": {"Source": "Water", "Lat": 28.209756167, "Lon": -82.363927833, "GPS_Alt": 22.5, "GPS_UTC": "03:49:14", "GPS_Nsat_Inview": 6, "GPS_Status": 3, "DateTime": "2023-0718-034916.127", "Exposure": 500.0, "sat_pix_n": 0, "Pix_minv": 36800, "Pix_maxv": 44155, "summed_rows": 800, "spectra": [36800, 36800, 36800, 36800, 36800, 36800, 36800, 36800, 36800, 36800, 36800, 36800, 36800, 36800, 36800, 36800, 36800, 36800, 36800, 36800, 36800, 36800, 36800, 36800, 36800, 36800, 36800, 36800, 36800, 36800, 36800, 36800, 36800, 36800, 36800, 36800, 36800, 36800, 36800, 36800, 36800, 36800, 36800, 36800, 36800, 36800, 36800, 36800, 36800, 36800, 36800, 36800, 36800, 36800, 36800, 36800, 36800, 36800, 36800, 36800, 36800, 36800, 36800, 36800, 36848, 36848, 36848, 36848, 36848, 36848, 36848, 36848, 37088, 37088, 37088, 37088, 37088, 37088, 37088, 37088, 37328, 37328, 37328, 37328, 37328, 37328, 37328, 37328, 37856, 37856, 37864, 37872, 37872, 37880, 37888, 37888, 38328, 38328, 38360, 38392, 38400, 38432, 38456, 38464, 39176, 39216, 39272, 39368, 39456, 39552, 39616, 39648, 40452, 40480, 40596, 40736, 40872, 41012, 41096, 41156, 41904, 41912, 42000, 42096, 42160, 42256, 42344, 42352, 42954, 42954, 42970, 42986, 43002, 43018, 43034, 43034, 42961, 42961, 42969, 42977, 42985, 42993, 42993, 43001, 42717, 42717, 42693, 42669, 42653, 42629, 42613, 42605, 42021, 42005, 41997, 41973, 41957, 41933, 41909, 41909, 41096, 41064, 41016, 40960, 40928, 40888, 40864, 40872, 40480, 40480, 40464, 40448, 40432, 40416, 40400, 40400, 39992, 39984, 39968, 39944, 39920, 39896, 39880, 39872, 39648, 39648, 39648, 39648, 39648, 39648, 39648, 39648, 39221, 39221, 39221, 39221, 39221, 39221, 39221, 39221, 39008, 39008, 39008, 39008, 39008, 39008, 39008, 39008, 39008, 39008, 39008, 39008, 39008, 39008, 39008, 39008, 39056, 39056, 39056, 39056, 39056, 39056, 39056, 39056, 39112, 39112, 39112, 39112, 39112, 39112, 39112, 39112, 39368, 39368, 39368, 39368, 39368, 39368, 39368, 39368, 39600, 39600, 39600, 39600, 39600, 39600, 39600, 39600, 39764, 39764, 39788, 39812, 39836, 39860, 39868, 39884, 40059, 40043, 40043, 40035, 40043, 40067, 40083, 40099, 40320, 40320, 40320, 40322, 40322, 40322, 40318, 40322, 40771, 40771, 40771, 40771, 40771, 40771, 40771, 40771, 40960, 40960, 40960, 40960, 40960, 40960, 40960, 40960, 41467, 41467, 41467, 41467, 41467, 41467, 41467, 41467, 41732, 41732, 41748, 41764, 41780, 41796, 41812, 41812, 41876, 41876, 41884, 41892, 41892, 41900, 41908, 41908, 42040, 42040, 42048, 42056, 42064, 42072, 42072, 42080, 42370, 42370, 42370, 42370, 42370, 42370, 42370, 42370, 42339, 42339, 42339, 42339, 42339, 42339, 42339, 42339, 42565, 42565, 42565, 42565, 42565, 42565, 42565, 42565, 42454, 42454, 42454, 42454, 42454, 42454, 42454, 42454, 42694, 42695, 42702, 42711, 42719, 42726, 42735, 42734, 42685, 42685, 42677, 42669, 42661, 42653, 42645, 42645, 42650, 42650, 42650, 42650, 42650, 42650, 42650, 42650, 42739, 42738, 42739, 42738, 42738, 42739, 42738, 42739, 42741, 42741, 42749, 42757, 42765, 42773, 42773, 42781, 42918, 42918, 42918, 42918, 42918, 42918, 42918, 42918, 42903, 42903, 42903, 42903, 42903, 42903, 42903, 42903, 43035, 43043, 43059, 43067, 43067, 43059, 43043, 43035, 43009, 43008, 43025, 43044, 43052, 43069, 43080, 43085, 43004, 43004, 43004, 43004, 43004, 43004, 43004, 43004, 43174, 43174, 43174, 43174, 43174, 43174, 43174, 43174, 43261, 43253, 43261, 43261, 43261, 43261, 43253, 43261, 43367, 43367, 43367, 43367, 43367, 43367, 43367, 43367, 43468, 43460, 43460, 43452, 43444, 43436, 43428, 43428, 43532, 43548, 43564, 43572, 43572, 43564, 43548, 43532, 43649, 43649, 43649, 43649, 43649, 43649, 43649, 43649, 43699, 43699, 43699, 43699, 43699, 43699, 43699, 43699, 43931, 43931, 43931, 43931, 43931, 43931, 43931, 43931, 44115, 44123, 44123, 44131, 44139, 44147, 44155, 44155, 44041, 44041, 44041, 44041, 44041, 44041, 44041, 44041, 43976, 43976, 43984, 43992, 44000, 44008, 44016, 44016, 44095, 44087, 44063, 44039, 44039, 44047, 44055, 44063, 43987, 43987, 43987, 43987, 43987, 43987, 43987, 43987, 43974, 43984, 44007, 44026, 44034, 44031, 44024, 44014, 43709, 43715, 43702, 43693, 43701, 43692, 43684, 43684, 43566, 43566, 43566, 43566, 43566, 43566, 43566, 43566, 43283, 43281, 43275, 43269, 43261, 43255, 43249, 43247, 43048, 43048, 43048, 43048, 43048, 43048, 43048, 43048, 42870, 42862, 42862, 42854, 42846, 42838, 42830, 42830, 42492, 42492, 42492, 42492, 42492, 42492, 42492, 42492, 42264, 42264, 42248, 42232, 42216, 42200, 42184, 42184, 42016, 42016, 42008, 42000, 42000, 41992, 41984, 41984, 41700, 41700, 41692, 41684, 41684, 41676, 41668, 41668, 41576, 41552, 41552, 41528, 41504, 41480, 41456, 41456, 41099, 41083, 41059, 41043, 41035, 41035, 41043, 41059, 40788, 40788, 40788, 40788, 40788, 40788, 40788, 40788, 40408, 40408, 40408, 40408, 40408, 40408, 40408, 40408, 40188, 40180, 40172, 40156, 40140, 40124, 40116, 40108, 39848, 39840, 39840, 39832, 39824, 39816, 39808, 39808, 39488, 39488, 39488, 39488, 39488, 39488, 39488, 39488, 39200, 39200, 39200, 39200, 39200, 39200, 39200, 39200, 38984, 38984, 38984, 38984, 38984, 38984, 38984, 38984, 38720, 38720, 38720, 38720, 38720, 38720, 38720, 38720, 38592, 38592, 38592, 38592, 38592, 38592, 38592, 38592, 38344, 38344, 38344, 38344, 38344, 38344, 38344, 38344, 38024, 38024, 38024, 38024, 38024, 38024, 38024, 38024, 37920, 37920, 37920, 37920, 37920, 37920, 37920, 37920, 37800, 37800, 37800, 37800, 37800, 37800, 37800, 37800, 37528, 37520, 37520, 37512, 37504, 37496, 37488, 37488, 37496, 37496, 37496, 37496, 37496, 37496, 37496, 37496, 37376, 37376, 37376, 37376, 37376, 37376, 37376, 37376, 37296, 37296, 37296, 37296, 37296, 37296, 37296, 37296, 37248, 37248, 37248, 37248, 37248, 37248, 37248, 37248, 37200, 37200, 37200, 37200, 37200, 37200, 37200, 37200, 37152, 37152, 37152, 37152, 37152, 37152, 37152, 37152, 37072, 37072, 37072, 37072, 37072, 37072, 37072, 37072, 37056, 37056, 37056, 37056, 37056, 37056, 37056, 37056, 36992, 36992, 36992, 36992, 36992, 36992, 36992, 36992, 36864, 36864, 36864, 36864, 36864, 36864, 36864, 36864, 36832, 36832, 36832, 36832, 36832, 36832, 36832, 36832, 36800, 36800, 36800, 36800, 36800, 36800, 36800, 36800, 36816, 36816, 36816, 36816, 36816, 36816, 36816, 36816, 36800, 36800, 36800, 36800, 36800, 36800, 36800, 36800, 36800, 36800, 36800, 36800, 36800, 36800, 36800, 36800, 36800, 36800, 36800, 36800, 36800, 36800, 36800, 36800, 36800, 36800, 36800, 36800, 36800, 36800, 36800, 36800, 36800, 36800, 36800, 36800, 36800, 36800, 36800, 36800, 36800, 36800, 36800, 36800, 36800, 36800, 36800, 36800, 36800, 36800, 36800, 36800, 36800, 36800, 36800, 36800, 36800, 36800, 36800, 36800, 36800, 36800, 36800, 36800, 36800, 36800, 36800, 36800, 36800, 36800, 36800, 36800, 36800, 36800, 36800, 36800, 36800, 36800, 36800, 36800, 36800, 36800, 36800, 36800, 36800, 36800, 36800, 36800, 36800, 36800, 36800, 36800, 36800, 36800, 36800, 36800, 36800, 36800, 36800, 36800, 36800, 36800, 36800, 36800, 36800, 36800, 36800, 36800, 36800, 36800, 36800, 36800, 36800, 36800, 36800, 36800, 36800, 36800, 36800, 36800, 36800, 36800, 36800, 36800, 36800, 36800, 36800, 36800, 36800, 36800, 36800, 36800, 36800, 36800, 36800, 36800, 36800, 36800, 36800, 36800, 36800, 36800, 36800, 36800, 36800, 36800, 36800, 36800, 36800, 36800, 36800, 36800, 36800, 36800, 36800, 36800, 36800, 36800, 36800, 36800, 36800, 36800, 36800, 36800, 36800, 36800, 36800, 36800, 36800, 36800, 36800, 36800, 36800, 36800, 36800, 36800, 36800, 36800, 36800, 36800, 36800, 36800, 36800, 36800, 36800, 36800, 36800, 36800, 36800, 36800, 36800, 36800, 36800, 36800, 36800, 36800, 36800, 36800, 36800, 36800, 36800, 36800, 36800, 36800, 36800, 36800, 36800, 36800, 36800, 36800, 36800, 36800, 36800, 36800, 36800, 36800, 36800, 36800, 36800, 36800, 36800, 36800, 36800, 36800, 36800, 36800, 36800, 36800, 36800, 36800, 36800, 36800, 36800, 36800, 36800, 36800, 36800, 36800, 36800, 36800, 36800, 36800, 36800, 36800, 36800, 36800, 36800, 36800, 36800, 36800, 36800, 36800, 