{"hab_spec": {"Source": "Water", "Lat": 28.209754667, "Lon": -82.3639295, "GPS_Alt": 22.3, "GPS_UTC": "03:49:08", "GPS_Nsat_Inview": 6, "GPS_Status": 3, "DateTime": "2023-0718-034909.929", "Exposure": 500.0, "sat_pix_n": 0, "Pix_minv": 36776, "Pix_maxv": 44195, "summed_rows": 800, "spectra": [36800, 36800, 36800, 36800, 36800, 36800, 36800, 36800, 36800, 36800, 36800, 36800, 36800, 36800, 36800, 36800, 36800, 36800, 36800, 36800, 36800, 36800, 36800, 36800, 36800, 36800, 36800, 36800, 36800, 36800, 36800, 36800, 36800, 36800, 36800, 36800, 36800, 36800, 36800, 36800, 36800, 36800, 36800, 36800, 36800, 36800, 36800, 36800, 36800, 36800, 36800, 36800, 36800, 36800, 36800, 36800, 36800, 36800, 36800, 36800, 36800, 36800, 36800, 36800, 36832, 36832, 36832, 36832, 36832, 36832, 36832, 36832, 37040, 37040, 37040, 37040, 37040, 37040, 37040, 37040, 37312, 37312, 37312, 37312, 37312, 37312, 37312, 37312, 37816, 37816, 37840, 37864, 37872, 37896, 37912, 37920, 38400, 38400, 38424, 38448, 38456, 38480, 38496, 38504, 39136, 39168, 39200, 39264, 39328, 39392, 39432, 39456, 40493, 40531, 40622, 40749, 40869, 40996, 41084, 41124, 41688, 41728, 41856, 42024, 42136, 42304, 42464, 42472, 42920, 42920, 42936, 42952, 42960, 42976, 42992, 42992, 43044, 43044, 43044, 43044, 43044, 43044, 43044, 43044, 42796, 42788, 42772, 42748, 42724, 42700, 42676, 42676, 41980, 41972, 41932, 41885, 41869, 41822, 41779, 41773, 41229, 41213, 41189, 41149, 41109, 41069, 41037, 41029, 40440, 40438, 40436, 40440, 40440, 40436, 40438, 40440, 40032, 40016, 40008, 39984, 39960, 39936, 39920, 39912, 39637, 39637, 39629, 39621, 39613, 39605, 39597, 39597, 39288, 39288, 39280, 39272, 39264, 39256, 39248, 39248, 39088, 39088, 39088, 39088, 39088, 39088, 39088, 39088, 39088, 39088, 39088, 39088, 39088, 39088, 39088, 39088, 39152, 39152, 39152, 39152, 39152, 39152, 39152, 39152, 39192, 39192, 39192, 39192, 39192, 39192, 39192, 39192, 39388, 39388, 39388, 39388, 39388, 39388, 39388, 39388, 39592, 39592, 39592, 39592, 39592, 39592, 39592, 39592, 39800, 39800, 39816, 39832, 39848, 39864, 39872, 39880, 40112, 40112, 40120, 40128, 40136, 40144, 40144, 40152, 40304, 40304, 40312, 40320, 40320, 40328, 40336, 40336, 40660, 40660, 40660, 40660, 40660, 40660, 40660, 40660, 41025, 41009, 40993, 40985, 40985, 40993, 41009, 41025, 41478, 41478, 41494, 41510, 41526, 41542, 41550, 41558, 41872, 41872, 41872, 41872, 41872, 41872, 41872, 41872, 41829, 41829, 41829, 41829, 41829, 41829, 41829, 41829, 42128, 42128, 42120, 42112, 42104, 42096, 42088, 42088, 42376, 42376, 42376, 42376, 42376, 42376, 42376, 42376, 42512, 42512, 42512, 42512, 42512, 42512, 42512, 42512, 42512, 42510, 42508, 42512, 42512, 42508, 42510, 42512, 42513, 42513, 42513, 42513, 42513, 42513, 42513, 42513, 42747, 42747, 42747, 42747, 42747, 42747, 42747, 42747, 42795, 42795, 42795, 42795, 42795, 42795, 42795, 42795, 42691, 42691, 42691, 42691, 42691, 42691, 42691, 42691, 42784, 42784, 42792, 42800, 42800, 42808, 42816, 42816, 42729, 42729, 42737, 42745, 42745, 42753, 42761, 42761, 42824, 42824, 42832, 42840, 42848, 42856, 42856, 42864, 42975, 42959, 42943, 42919, 42911, 42919, 42927, 42935, 43018, 43018, 43026, 43034, 43042, 43050, 43050, 43058, 43117, 43109, 43109, 43101, 43093, 43085, 43077, 43077, 43137, 43137, 43145, 43153, 43161, 43169, 43169, 43177, 43096, 43096, 43096, 43096, 43096, 43096, 43096, 43096, 43170, 43162, 43154, 43161, 43177, 43200, 43227, 43249, 43312, 43304, 43304, 43312, 43312, 43304, 43304, 43312, 43467, 43467, 43467, 43467, 43467, 43467, 43467, 43467, 43651, 43651, 43651, 43651, 43651, 43651, 43651, 43651, 43676, 43676, 43676, 43676, 43676, 43676, 43676, 43676, 43823, 43823, 43823, 43823, 43823, 43823, 43823, 43823, 43956, 43956, 43948, 43940, 43940, 43932, 43924, 43924, 43968, 43968, 43976, 43984, 43992, 44000, 44000, 44008, 44190, 44179, 44166, 44143, 44119, 44096, 44075, 44072, 44013, 44019, 44014, 44013, 44021, 44020, 44020, 44020, 44195, 44195, 44187, 44180, 44172, 44165, 44162, 44156, 44117, 44117, 44117, 44117, 44117, 44117, 44117, 44117, 43930, 43916, 43965, 44028, 43987, 43879, 43874, 43942, 43772, 43772, 43764, 43756, 43756, 43748, 43740, 43740, 43488, 43496, 43512, 43528, 43528, 43512, 43496, 43488, 43244, 43244, 43244, 43244, 43244, 43244, 43244, 43244, 43045, 43013, 42981, 42965, 42965, 42981, 43013, 43045, 42921, 42921, 42921, 42921, 42921, 42921, 42921, 42921, 42489, 42489, 42489, 42489, 42489, 42489, 42489, 42489, 42392, 42392, 42392, 42392, 42392, 42392, 42392, 42392, 41996, 41996, 41996, 41996, 41996, 41996, 41996, 41996, 41828, 41828, 41804, 41780, 41764, 41740, 41716, 41716, 41631, 41631, 41623, 41615, 41607, 41599, 41591, 41591, 41050, 41050, 41042, 41034, 41026, 41018, 41018, 41010, 40838, 40832, 40813, 40790, 40766, 40743, 40727, 40719, 40440, 40440, 40432, 40424, 40424, 40416, 40408, 40408, 40112, 40112, 40104, 40096, 40088, 40080, 40072, 40072, 39768, 39768, 39768, 39768, 39768, 39768, 39768, 39768, 39400, 39400, 39392, 39384, 39376, 39368, 39360, 39360, 39256, 39256, 39256, 39256, 39256, 39256, 39256, 39256, 38994, 38994, 38994, 38994, 38994, 38994, 38994, 38994, 38760, 38760, 38760, 38760, 38760, 38760, 38760, 38760, 38632, 38632, 38632, 38632, 38632, 38632, 38632, 38632, 38320, 38320, 38320, 38320, 38320, 38320, 38320, 38320, 38112, 38112, 38112, 38112, 38112, 38112, 38112, 38112, 37872, 37872, 37872, 37872, 37872, 37872, 37872, 37872, 37832, 37832, 37832, 37832, 37832, 37832, 37832, 37832, 37520, 37520, 37520, 37520, 37520, 37520, 37520, 37520, 37440, 37440, 37440, 37440, 37440, 37440, 37440, 37440, 37384, 37376, 37376, 37368, 37360, 37352, 37344, 37344, 37264, 37264, 37264, 37264, 37264, 37264, 37264, 37264, 37232, 37232, 37232, 37232, 37232, 37232, 37232, 37232, 37216, 37216, 37216, 37216, 37216, 37216, 37216, 37216, 37136, 37136, 37136, 37136, 37136, 37136, 37136, 37136, 37104, 37104, 37104, 37104, 37104, 37104, 37104, 37104, 37056, 37056, 37056, 37056, 37056, 37056, 37056, 37056, 36960, 36960, 36960, 36960, 36960, 36960, 36960, 36960, 36896, 36896, 36896, 36896, 36896, 36896, 36896, 36896, 36848, 36848, 36848, 36848, 36848, 36848, 36848, 36848, 36800, 36800, 36800, 36800, 36800, 36800, 36800, 36800, 36800, 36800, 36800, 36800, 36800, 36800, 36800, 36800, 36800, 36800, 36800, 36800, 36800, 36800, 36800, 36800, 36800, 36800, 36800, 36800, 36800, 36800, 36800, 36800, 36800, 36800, 36800, 36800, 36800, 36800, 36800, 36800, 36800, 36800, 36800, 36800, 36800, 36800, 36800, 36800, 36800, 36800, 36800, 36800, 36800, 36800, 36800, 36800, 36800, 36800, 36800, 36800, 36800, 36800, 36800, 36800, 36800, 36800, 36800, 36800, 36800, 36800, 36800, 36800, 36800, 36800, 36800, 36800, 36800, 36800, 36800, 36800, 36800, 36800, 36800, 36800, 36800, 36800, 36800, 36800, 36800, 36800, 36800, 36800, 36800, 36800, 36800, 36800, 36800, 36800, 36800, 36800, 36800, 36800, 36800, 36800, 36800, 36800, 36800, 36800, 36800, 36800, 36800, 36800, 36800, 36800, 36800, 36800, 36800, 36800, 36800, 36800, 36800, 36800, 36800, 36800, 36800, 36800, 36800, 36800, 36800, 36800, 36800, 36800, 36800, 36800, 36800, 36800, 36800, 36800, 36800, 36800, 36800, 36800, 36800, 36800, 36800, 36800, 36800, 36800, 36800, 36800, 36800, 36800, 36800, 36800, 36800, 36800, 36800, 36800, 36800, 36800, 36800, 36800, 36800, 36800, 36800, 36800, 36800, 36800, 36800, 36800, 36800, 36800, 36800, 36800, 36800, 36800, 36800, 36800, 36800, 36800, 36800, 36800, 36800, 36800, 36800, 36800, 36800, 36800, 36800, 36800, 36800, 36800, 36816, 36816, 36808, 36800, 36792, 36784, 36776, 36776, 36800, 36800, 36800, 36800, 36800, 36800, 36800, 36800, 36800, 36800, 36800, 36800, 36800, 36800, 36800, 36800, 36800, 36800, 36800, 36800, 36800, 36800, 36800, 36800, 36800, 36800, 36800, 36800, 36800, 36800, 36800, 36800, 36800, 36800, 36800, 36800, 36800, 36800, 36800, 36800, 36800, 36800, 36800, 36800, 36800, 36800, 36800, 36800, 36800, 36800, 36800, 36800, 36800, 36800, 36800, 36800, 36800, 36800, 36800, 36800, 36800, 36800, 36800, 36800, 36800, 36800, 36800, 36800, 36800,