{"hab_spec": {"Source": "Water", "Lat": 28.209752167, "Lon": -82.363930833, "GPS_Alt": 22.3, "GPS_UTC": "03:49:05", "GPS_Nsat_Inview": 6, "GPS_Status": 3, "DateTime": "2023-0718-034906.806", "Exposure": 500.0, "sat_pix_n": 0, "Pix_minv": 36800, "Pix_maxv": 44364, "summed_rows": 800, "spectra": [36800, 36800, 36800, 36800, 36800, 36800, 36800, 36800, 36800, 36800, 36800, 36800, 36800, 36800, 36800, 36800, 36800, 36800, 36800, 36800, 36800, 36800, 36800, 36800, 36800, 36800, 36800, 36800, 36800, 36800, 36800, 36800, 36800, 36800, 36800, 36800, 36800, 36800, 36800, 36800, 36800, 36800, 36800, 36800, 36800, 36800, 36800, 36800, 36800, 36800, 36800, 36800, 36800, 36800, 36800, 36800, 36800, 36800, 36800, 36800, 36800, 36800, 36800, 36800, 36832, 36832, 36832, 36832, 36832, 36832, 36832, 36832, 37152, 37152, 37152, 37152, 37152, 37152, 37152, 37152, 37360, 37360, 37368, 37376, 37384, 37392, 37392, 37400, 38016, 38016, 38032, 38048, 38048, 38064, 38080, 38080, 38640, 38640, 38656, 38672, 38680, 38696, 38704, 38712, 39368, 39392, 39496, 39624, 39744, 39872, 39944, 40000, 40696, 40728, 40864, 41032, 41184, 41352, 41432, 41520, 42025, 42055, 42154, 42281, 42369, 42496, 42616, 42624, 43288, 43288, 43312, 43336, 43360, 43384, 43400, 43408, 43269, 43269, 43285, 43293, 43285, 43261, 43237, 43229, 42847, 42823, 42767, 42711, 42663, 42623, 42607, 42607, 42101, 42101, 42069, 42037, 42021, 41989, 41957, 41957, 41214, 41190, 41174, 41142, 41134, 41134, 41126, 41142, 40552, 40544, 40544, 40536, 40528, 40520, 40512, 40512, 40102, 40102, 40094, 40086, 40078, 40070, 40062, 40062, 39632, 39624, 39616, 39600, 39584, 39568, 39560, 39552, 39304, 39304, 39296, 39288, 39280, 39272, 39264, 39264, 39144, 39144, 39144, 39144, 39144, 39144, 39144, 39144, 39064, 39064, 39064, 39064, 39064, 39064, 39064, 39064, 39136, 39136, 39136, 39136, 39136, 39136, 39136, 39136, 39168, 39168, 39168, 39168, 39168, 39168, 39168, 39168, 39296, 39296, 39296, 39296, 39296, 39296, 39296, 39296, 39624, 39624, 39632, 39640, 39640, 39648, 39656, 39656, 39940, 39940, 39940, 39940, 39940, 39940, 39940, 39940, 40058, 40060, 40090, 40120, 40152, 40182, 40188, 40214, 40507, 40507, 40515, 40523, 40531, 40539, 40539, 40547, 40888, 40888, 40896, 40904, 40904, 40912, 40920, 40920, 41304, 41304, 41312, 41320, 41320, 41328, 41336, 41336, 41589, 41589, 41597, 41605, 41605, 41613, 41621, 41621, 41923, 41923, 41939, 41955, 41963, 41979, 41987, 41995, 42140, 42140, 42140, 42140, 42140, 42140, 42140, 42140, 42321, 42321, 42321, 42321, 42321, 42321, 42321, 42321, 42533, 42517, 42517, 42509, 42517, 42541, 42549, 42573, 42556, 42556, 42556, 42556, 42556, 42556, 42556, 42556, 42636, 42636, 42636, 42636, 42636, 42636, 42636, 42636, 42694, 42694, 42694, 42694, 42694, 42694, 42694, 42694, 42819, 42819, 42819, 42819, 42819, 42819, 42819, 42819, 42799, 42799, 42799, 42799, 42799, 42799, 42799, 42799, 42822, 42822, 42830, 42838, 42846, 42854, 42854, 42862, 42925, 42925, 42925, 42925, 42925, 42925, 42925, 42925, 42930, 42914, 42914, 42906, 42914, 42938, 42946, 42970, 43032, 43032, 43032, 43032, 43032, 43032, 43032, 43032, 43142, 43142, 43142, 43142, 43142, 43142, 43142, 43142, 43144, 43128, 43112, 43104, 43104, 43112, 43128, 43144, 43281, 43281, 43281, 43281, 43281, 43281, 43281, 43281, 43283, 43283, 43291, 43299, 43307, 43315, 43323, 43323, 43280, 43272, 43280, 43280, 43280, 43280, 43272, 43280, 43396, 43396, 43396, 43396, 43396, 43396, 43396, 43396, 43523, 43523, 43523, 43523, 43523, 43523, 43523, 43523, 43542, 43534, 43534, 43526, 43518, 43510, 43502, 43502, 43687, 43687, 43687, 43687, 43687, 43687, 43687, 43687, 43560, 43560, 43552, 43545, 43537, 43530, 43527, 43521, 43997, 43997, 43997, 43997, 43997, 43997, 43997, 43997, 44076, 44067, 44051, 44042, 44042, 44051, 44067, 44076, 44284, 44282, 44284, 44282, 44282, 44284, 44282, 44284, 44303, 44307, 44315, 44317, 44325, 44335, 44339, 44339, 44230, 44232, 44238, 44244, 44252, 44258, 44264, 44266, 44364, 44358, 44355, 44348, 44340, 44333, 44325, 44325, 44228, 44228, 44228, 44228, 44228, 44228, 44228, 44228, 44101, 44113, 44117, 44109, 44101, 44077, 44049, 44029, 43811, 43811, 43811, 43811, 43811, 43811, 43811, 43811, 43646, 43634, 43622, 43598, 43574, 43550, 43530, 43526, 43321, 43321, 43321, 43321, 43321, 43321, 43321, 43321, 43146, 43138, 43130, 43114, 43098, 43082, 43066, 43066, 42819, 42819, 42819, 42819, 42819, 42819, 42819, 42819, 42715, 42715, 42707, 42699, 42691, 42683, 42675, 42675, 42303, 42287, 42279, 42263, 42263, 42279, 42287, 42303, 42237, 42237, 42237, 42237, 42237, 42237, 42237, 42237, 41952, 41948, 41944, 41936, 41928, 41920, 41916, 41912, 41584, 41584, 41584, 41584, 41584, 41584, 41584, 41584, 41232, 41224, 41208, 41184, 41160, 41136, 41112, 41112, 40917, 40909, 40909, 40901, 40893, 40885, 40877, 40877, 40531, 40523, 40523, 40515, 40507, 40499, 40491, 40491, 40168, 40168, 40168, 40169, 40169, 40170, 40167, 40169, 39840, 39840, 39824, 39808, 39792, 39776, 39760, 39760, 39480, 39480, 39480, 39480, 39480, 39480, 39480, 39480, 39264, 39264, 39264, 39264, 39264, 39264, 39264, 39264, 39008, 39008, 39008, 39008, 39008, 39008, 39008, 39008, 38720, 38720, 38720, 38720, 38720, 38720, 38720, 38720, 38568, 38568, 38568, 38568, 38568, 38568, 38568, 38568, 38464, 38464, 38464, 38464, 38464, 38464, 38464, 38464, 38152, 38152, 38152, 38152, 38152, 38152, 38152, 38152, 38048, 38048, 38048, 38048, 38048, 38048, 38048, 38048, 37832, 37832, 37832, 37832, 37832, 37832, 37832, 37832, 37584, 37584, 37584, 37584, 37584, 37584, 37584, 37584, 37488, 37488, 37488, 37488, 37488, 37488, 37488, 37488, 37328, 37328, 37328, 37328, 37328, 37328, 37328, 37328, 37312, 37312, 37312, 37312, 37312, 37312, 37312, 37312, 37232, 37232, 37240, 37248, 37256, 37264, 37264, 37272, 37232, 37232, 37232, 37232, 37232, 37232, 37232, 37232, 37168, 37168, 37168, 37168, 37168, 37168, 37168, 37168, 37120, 37120, 37120, 37120, 37120, 37120, 37120, 37120, 37024, 37024, 37024, 37024, 37024, 37024, 37024, 37024, 36960, 36960, 36960, 36960, 36960, 36960, 36960, 36960, 36912, 36912, 36912, 36912, 36912, 36912, 36912, 36912, 36816, 36816, 36816, 36816, 36816, 36816, 36816, 36816, 36800, 36800, 36800, 36800, 36800, 36800, 36800, 36800, 36816, 36816, 36816, 36816, 36816, 36816, 36816, 36816, 36800, 36800, 36800, 36800, 36800, 36800, 36800, 36800, 36800, 36800, 36800, 36800, 36800, 36800, 36800, 36800, 36800, 36800, 36800, 36800, 36800, 36800, 36800, 36800, 36800, 36800, 36800, 36800, 36800, 36800, 36800, 36800, 36800, 36800, 36800, 36800, 36800, 36800, 36800, 36800, 36800, 36800, 36800, 36800, 36800, 36800, 36800, 36800, 36800, 36800, 36800, 36800, 36800, 36800, 36800, 36800, 36800, 36800, 36800, 36800, 36800, 36800, 36800, 36800, 36800, 36800, 36800, 36800, 36800, 36800, 36800, 36800, 36800, 36800, 36800, 36800, 36800, 36800, 36800, 36800, 36800, 36800, 36800, 36800, 36800, 36800, 36800, 36800, 36800, 36800, 36800, 36800, 36800, 36800, 36800, 36800, 36800, 36800, 36800, 36800, 36800, 36800, 36800, 36800, 36800, 36800, 36800, 36800, 36800, 36800, 36800, 36800, 36800, 36800, 36800, 36800, 36800, 36800, 36800, 36800, 36800, 36800, 36800, 36800, 36800, 36800, 36800, 36800, 36800, 36800, 36800, 36800, 36800, 36800, 36800, 36800, 36800, 36800, 36800, 36800, 36800, 36800, 36800, 36800, 36800, 36800, 36800, 36800, 36800, 36800, 36800, 36800, 36800, 36800, 36800, 36800, 36800, 36800, 36800, 36800, 36800, 36800, 36800, 36800, 36800, 36800, 36800, 36800, 36800, 36800, 36800, 36800, 36800, 36800, 36800, 36800, 36800, 36800, 36800, 36800, 36800, 36800, 36800, 36800, 36800, 36800, 36800, 36800, 36800, 36800, 36800, 36800, 36800, 36800, 36800, 36800, 36800, 36800, 36800, 36800, 36800, 36800, 36800, 36800, 36800, 36800, 36800, 36800, 36800, 36800, 36800, 36800, 36800, 36800, 36800, 36800, 36800, 36800, 36800, 36800, 36800, 36800, 36800, 36800, 36800, 36800, 36800, 36800, 36800, 36800, 36800, 36800, 36800, 36800, 36800, 36800, 36800, 36800, 36800, 36800, 36800, 36800, 36800, 36800, 36800, 36800, 36800, 36800, 36800, 36800, 36800, 36800, 