{"hab_spec": {"Source": "Water", "Lat": 28.209756192, "Lon": -82.363928026, "GPS_Alt": 22.29, "GPS_UTC": "03:49:13", "GPS_Nsat_Inview": 6, "GPS_Status": 3, "DateTime": "2023-0718-034914.577", "Exposure": 500.0, "sat_pix_n": 0, "Pix_minv": 36800, "Pix_maxv": 44194, "summed_rows": 800, "spectra": [36800, 36800, 36800, 36800, 36800, 36800, 36800, 36800, 36800, 36800, 36800, 36800, 36800, 36800, 36800, 36800, 36800, 36800, 36800, 36800, 36800, 36800, 36800, 36800, 36800, 36800, 36800, 36800, 36800, 36800, 36800, 36800, 36800, 36800, 36800, 36800, 36800, 36800, 36800, 36800, 36800, 36800, 36800, 36800, 36800, 36800, 36800, 36800, 36800, 36800, 36800, 36800, 36800, 36800, 36800, 36800, 36800, 36800, 36800, 36800, 36800, 36800, 36800, 36800, 36800, 36800, 36800, 36800, 36800, 36800, 36800, 36800, 37152, 37152, 37152, 37152, 37152, 37152, 37152, 37152, 37312, 37312, 37312, 37312, 37312, 37312, 37312, 37312, 37704, 37704, 37752, 37800, 37840, 37888, 37896, 37936, 38296, 38304, 38352, 38408, 38456, 38512, 38528, 38568, 39269, 39319, 39355, 39443, 39515, 39603, 39687, 39689, 40472, 40488, 40608, 40744, 40880, 41016, 41080, 41152, 41792, 41800, 41920, 42048, 42136, 42264, 42368, 42392, 42948, 42960, 42964, 42980, 42996, 43012, 43024, 43028, 43095, 43095, 43095, 43095, 43095, 43095, 43095, 43095, 42719, 42709, 42687, 42657, 42633, 42603, 42581, 42571, 41985, 41969, 41937, 41889, 41849, 41801, 41761, 41753, 41160, 41152, 41120, 41080, 41048, 41008, 40968, 40968, 40512, 40496, 40488, 40464, 40448, 40424, 40400, 40400, 40048, 40048, 40032, 40018, 40002, 39988, 39982, 39970, 39616, 39616, 39608, 39600, 39592, 39584, 39576, 39576, 39288, 39288, 39280, 39272, 39264, 39256, 39248, 39248, 39112, 39112, 39112, 39112, 39112, 39112, 39112, 39112, 38952, 38952, 38952, 38952, 38952, 38952, 38952, 38952, 39072, 39072, 39072, 39072, 39072, 39072, 39072, 39072, 39224, 39224, 39224, 39224, 39224, 39224, 39224, 39224, 39376, 39376, 39376, 39376, 39376, 39376, 39376, 39376, 39620, 39620, 39620, 39620, 39620, 39620, 39620, 39620, 39916, 39916, 39916, 39916, 39916, 39916, 39916, 39916, 40072, 40072, 40072, 40072, 40072, 40072, 40072, 40072, 40283, 40283, 40283, 40283, 40283, 40283, 40283, 40283, 40670, 40670, 40678, 40686, 40694, 40702, 40702, 40710, 40936, 40936, 40952, 40968, 40976, 40992, 41000, 41008, 41355, 41355, 41355, 41355, 41355, 41355, 41355, 41355, 41780, 41796, 41804, 41820, 41812, 41796, 41788, 41772, 41947, 41947, 41947, 41947, 41947, 41947, 41947, 41947, 42025, 42033, 42033, 42041, 42049, 42057, 42065, 42065, 42272, 42272, 42280, 42288, 42296, 42304, 42304, 42312, 42398, 42398, 42406, 42414, 42422, 42430, 42438, 42438, 42471, 42471, 42471, 42471, 42471, 42471, 42471, 42471, 42565, 42565, 42565, 42565, 42565, 42565, 42565, 42565, 42653, 42653, 42653, 42653, 42653, 42653, 42653, 42653, 42664, 42664, 42672, 42680, 42688, 42696, 42696, 42704, 42668, 42668, 42668, 42668, 42668, 42668, 42668, 42668, 42792, 42776, 42760, 42752, 42752, 42760, 42776, 42792, 42782, 42782, 42782, 42782, 42782, 42782, 42782, 42782, 42840, 42840, 42840, 42840, 42840, 42840, 42840, 42840, 42873, 42874, 42873, 42874, 42874, 42873, 42874, 42873, 43001, 42985, 42969, 42961, 42961, 42969, 42985, 43001, 43023, 43023, 43031, 43039, 43039, 43047, 43055, 43055, 43056, 43056, 43056, 43056, 43056, 43056, 43056, 43056, 43262, 43262, 43262, 43262, 43262, 43262, 43262, 43262, 43148, 43149, 43148, 43149, 43149, 43148, 43149, 43148, 43364, 43364, 43364, 43364, 43364, 43364, 43364, 43364, 43465, 43463, 43461, 43465, 43465, 43461, 43463, 43465, 43516, 43520, 43524, 43532, 43540, 43548, 43552, 43556, 43538, 43538, 43546, 43554, 43554, 43562, 43570, 43570, 43886, 43886, 43894, 43902, 43910, 43918, 43926, 43926, 43959, 43959, 43943, 43927, 43911, 43895, 43879, 43879, 44085, 44085, 44085, 44085, 44085, 44085, 44085, 44085, 44164, 44164, 44164, 44164, 44164, 44164, 44164, 44164, 44190, 44188, 44186, 44190, 44190, 44186, 44188, 44190, 44194, 44194, 44186, 44178, 44170, 44162, 44162, 44154, 44030, 44030, 44030, 44030, 44030, 44030, 44030, 44030, 43900, 43854, 43877, 43956, 43948, 43853, 43814, 43860, 43663, 43663, 43663, 43663, 43663, 43663, 43663, 43663, 43527, 43527, 43519, 43511, 43503, 43495, 43495, 43487, 43307, 43299, 43291, 43275, 43259, 43243, 43227, 43227, 43123, 43115, 43107, 43092, 43076, 43061, 43050, 43044, 42832, 42816, 42816, 42800, 42784, 42768, 42752, 42752, 42648, 42648, 42640, 42632, 42624, 42616, 42608, 42608, 42280, 42280, 42288, 42296, 42304, 42312, 42320, 42320, 41960, 41952, 41952, 41944, 41936, 41928, 41920, 41920, 41820, 41820, 41796, 41772, 41756, 41732, 41708, 41708, 41511, 41511, 41511, 41511, 41511, 41511, 41511, 41511, 41030, 41030, 41014, 40998, 40998, 40982, 40966, 40966, 40808, 40800, 40792, 40776, 40760, 40744, 40728, 40728, 40440, 40440, 40432, 40424, 40424, 40416, 40408, 40408, 40120, 40120, 40120, 40120, 40120, 40120, 40120, 40120, 39770, 39762, 39762, 39754, 39746, 39738, 39730, 39730, 39379, 39379, 39379, 39379, 39379, 39379, 39379, 39379, 39184, 39184, 39184, 39184, 39184, 39184, 39184, 39184, 38976, 38976, 38976, 38976, 38976, 38976, 38976, 38976, 38744, 38744, 38744, 38744, 38744, 38744, 38744, 38744, 38600, 38600, 38600, 38600, 38600, 38600, 38600, 38600, 38376, 38376, 38376, 38376, 38376, 38376, 38376, 38376, 38104, 38104, 38104, 38104, 38104, 38104, 38104, 38104, 37952, 37952, 37952, 37952, 37952, 37952, 37952, 37952, 37816, 37816, 37816, 37816, 37816, 37816, 37816, 37816, 37592, 37584, 37584, 37576, 37568, 37560, 37552, 37552, 37480, 37480, 37480, 37480, 37480, 37480, 37480, 37480, 37312, 37312, 37312, 37312, 37312, 37312, 37312, 37312, 37280, 37280, 37280, 37280, 37280, 37280, 37280, 37280, 37216, 37216, 37216, 37216, 37216, 37216, 37216, 37216, 37152, 37152, 37152, 37152, 37152, 37152, 37152, 37152, 37104, 37104, 37104, 37104, 37104, 37104, 37104, 37104, 37040, 37040, 37040, 37040, 37040, 37040, 37040, 37040, 37072, 37072, 37072, 37072, 37072, 37072, 37072, 37072, 36960, 36960, 36960, 36960, 36960, 36960, 36960, 36960, 36848, 36848, 36848, 36848, 36848, 36848, 36848, 36848, 36800, 36800, 36800, 36800, 36800, 36800, 36800, 36800, 36800, 36800, 36800, 36800, 36800, 36800, 36800, 36800, 36800, 36800, 36800, 36800, 36800, 36800, 36800, 36800, 36800, 36800, 36800, 36800, 36800, 36800, 36800, 36800, 36800, 36800, 36800, 36800, 36800, 36800, 36800, 36800, 36800, 36800, 36800, 36800, 36800, 36800, 36800, 36800, 36800, 36800, 36800, 36800, 36800, 36800, 36800, 36800, 36800, 36800, 36800, 36800, 36800, 36800, 36800, 36800, 36800, 36800, 36800, 36800, 36800, 36800, 36800, 36800, 36800, 36800, 36800, 36800, 36800, 36800, 36800, 36800, 36800, 36800, 36800, 36800, 36800, 36800, 36800, 36800, 36800, 36800, 36800, 36800, 36800, 36800, 36800, 36800, 36800, 36800, 36800, 36800, 36800, 36800, 36800, 36800, 36800, 36800, 36800, 36800, 36800, 36800, 36800, 36800, 36800, 36800, 36800, 36800, 36800, 36800, 36800, 36800, 36800, 36800, 36800, 36800, 36800, 36800, 36800, 36800, 36800, 36800, 36800, 36800, 36800, 36800, 36800, 36800, 36800, 36800, 36800, 36800, 36800, 36800, 36800, 36800, 36800, 36800, 36800, 36800, 36800, 36800, 36800, 36800, 36800, 36800, 36800, 36800, 36800, 36800, 36800, 36800, 36800, 36800, 36800, 36800, 36800, 36800, 36800, 36800, 36800, 36800, 36800, 36800, 36800, 36800, 36800, 36800, 36800, 36800, 36800, 36800, 36800, 36800, 36800, 36800, 36800, 36800, 36800, 36800, 36800, 36800, 36800, 36800, 36800, 36800, 36800, 36800, 36800, 36800, 36800, 36800, 36800, 36800, 36800, 36800, 36800, 36800, 36800, 36800, 36800, 36800, 36800, 36800, 36800, 36800, 36800, 36800, 36800, 36800, 36800, 36800, 36800, 36800, 36800, 36800, 36800, 36800, 36800, 36800, 36800, 36800, 36800, 36800, 36800, 36800, 36800, 36800, 36800, 36800, 36800, 36800, 36800, 36800, 36800, 36800, 36800, 36800, 36800, 36800, 36800, 36800, 36800, 36800, 36800, 36800, 36800, 36800, 36800, 36800, 36800, 36800, 36800, 36800, 36800, 36800, 36800, 36800, 36800, 36800, 36800, 36800, 36800, 36800, 36800, 36800, 36800, 36800, 