{"hab_spec": {"Source": "Water", "Lat": 28.209754833, "Lon": -82.363929, "GPS_Alt": 22.3, "GPS_UTC": "03:49:10", "GPS_Nsat_Inview": 6, "GPS_Status": 3, "DateTime": "2023-0718-034912.259", "Exposure": 500.0, "sat_pix_n": 0, "Pix_minv": 36800, "Pix_maxv": 44249, "summed_rows": 800, "spectra": [36800, 36800, 36800, 36800, 36800, 36800, 36800, 36800, 36800, 36800, 36800, 36800, 36800, 36800, 36800, 36800, 36800, 36800, 36800, 36800, 36800, 36800, 36800, 36800, 36800, 36800, 36800, 36800, 36800, 36800, 36800, 36800, 36800, 36800, 36800, 36800, 36800, 36800, 36800, 36800, 36800, 36800, 36800, 36800, 36800, 36800, 36800, 36800, 36800, 36800, 36800, 36800, 36800, 36800, 36800, 36800, 36800, 36800, 36800, 36800, 36800, 36800, 36800, 36800, 36848, 36848, 36848, 36848, 36848, 36848, 36848, 36848, 37104, 37104, 37104, 37104, 37104, 37104, 37104, 37104, 37344, 37344, 37344, 37344, 37344, 37344, 37344, 37344, 37848, 37848, 37888, 37928, 37944, 37984, 38008, 38024, 38408, 38408, 38440, 38472, 38488, 38520, 38536, 38552, 38944, 39008, 39064, 39184, 39296, 39416, 39488, 39536, 40605, 40635, 40742, 40877, 40997, 41132, 41212, 41268, 41871, 41903, 41999, 42126, 42206, 42333, 42448, 42462, 42808, 42808, 42832, 42856, 42872, 42896, 42912, 42920, 43108, 43108, 43100, 43092, 43084, 43076, 43068, 43068, 42734, 42712, 42701, 42670, 42638, 42607, 42583, 42575, 41954, 41954, 41938, 41922, 41922, 41906, 41890, 41890, 41092, 41076, 41036, 40980, 40940, 40884, 40828, 40828, 40560, 40552, 40544, 40528, 40512, 40496, 40488, 40480, 40032, 40024, 40016, 40000, 39984, 39968, 39952, 39952, 39600, 39592, 39584, 39568, 39552, 39536, 39520, 39520, 39296, 39296, 39296, 39296, 39296, 39296, 39296, 39296, 39104, 39104, 39104, 39104, 39104, 39104, 39104, 39104, 39024, 39024, 39024, 39024, 39024, 39024, 39024, 39024, 39096, 39096, 39096, 39096, 39096, 39096, 39096, 39096, 39224, 39216, 39208, 39200, 39208, 39232, 39248, 39264, 39368, 39368, 39368, 39368, 39368, 39368, 39368, 39368, 39592, 39592, 39592, 39592, 39592, 39592, 39592, 39592, 39872, 39872, 39872, 39872, 39872, 39872, 39872, 39872, 39983, 39991, 39999, 40015, 40031, 40047, 40055, 40063, 40334, 40334, 40342, 40350, 40358, 40366, 40366, 40374, 40654, 40655, 40654, 40655, 40655, 40654, 40655, 40654, 40924, 40924, 40932, 40940, 40948, 40956, 40964, 40964, 41432, 41432, 41448, 41464, 41480, 41496, 41496, 41512, 41744, 41744, 41752, 41760, 41768, 41776, 41776, 41784, 41951, 41951, 41951, 41951, 41951, 41951, 41951, 41951, 42031, 42039, 42039, 42047, 42055, 42063, 42071, 42071, 42421, 42421, 42421, 42421, 42421, 42421, 42421, 42421, 42375, 42375, 42375, 42375, 42375, 42375, 42375, 42375, 42507, 42507, 42507, 42507, 42507, 42507, 42507, 42507, 42558, 42558, 42558, 42558, 42558, 42558, 42558, 42558, 42631, 42615, 42615, 42607, 42615, 42639, 42655, 42671, 42637, 42637, 42637, 42637, 42637, 42637, 42637, 42637, 42695, 42695, 42695, 42695, 42695, 42695, 42695, 42695, 42733, 42717, 42709, 42693, 42693, 42709, 42717, 42733, 42768, 42768, 42768, 42768, 42768, 42768, 42768, 42768, 42882, 42882, 42874, 42866, 42866, 42858, 42850, 42850, 42931, 42931, 42931, 42931, 42931, 42931, 42931, 42931, 42966, 42966, 42974, 42982, 42990, 42998, 43006, 43006, 43140, 43140, 43140, 43140, 43140, 43140, 43140, 43140, 43203, 43203, 43203, 43203, 43203, 43203, 43203, 43203, 43236, 43228, 43228, 43220, 43212, 43204, 43196, 43196, 43316, 43316, 43316, 43316, 43316, 43316, 43316, 43316, 43348, 43348, 43348, 43348, 43348, 43348, 43348, 43348, 43419, 43419, 43427, 43435, 43443, 43451, 43459, 43459, 43683, 43683, 43683, 43683, 43683, 43683, 43683, 43683, 43676, 43676, 43684, 43692, 43700, 43708, 43708, 43716, 43867, 43867, 43875, 43883, 43891, 43899, 43907, 43907, 44026, 44026, 44026, 44026, 44026, 44026, 44026, 44026, 44060, 44084, 44116, 44140, 44140, 44116, 44076, 44060, 44147, 44147, 44139, 44131, 44123, 44115, 44107, 44107, 44249, 44242, 44241, 44234, 44218, 44209, 44210, 44201, 44152, 44152, 44160, 44168, 44176, 44184, 44192, 44192, 44203, 44203, 44203, 44203, 44203, 44203, 44203, 44203, 43988, 43951, 43966, 44045, 44037, 43942, 43911, 43948, 43800, 43798, 43784, 43770, 43762, 43748, 43734, 43732, 43499, 43499, 43499, 43499, 43499, 43499, 43499, 43499, 43344, 43336, 43320, 43296, 43272, 43248, 43224, 43224, 43021, 43013, 42989, 42957, 42941, 42909, 42877, 42877, 42869, 42853, 42837, 42813, 42805, 42813, 42821, 42829, 42573, 42573, 42573, 42573, 42573, 42573, 42573, 42573, 42232, 42232, 42232, 42232, 42232, 42232, 42232, 42232, 42079, 42079, 42079, 42079, 42079, 42079, 42079, 42079, 41708, 41708, 41700, 41692, 41684, 41676, 41676, 41668, 41552, 41528, 41520, 41488, 41456, 41424, 41392, 41392, 41095, 41095, 41095, 41095, 41095, 41095, 41095, 41095, 40769, 40757, 40753, 40737, 40721, 40705, 40693, 40689, 40523, 40515, 40507, 40491, 40475, 40459, 40443, 40443, 40080, 40080, 40080, 40080, 40080, 40080, 40080, 40080, 39840, 39840, 39832, 39824, 39824, 39816, 39808, 39808, 39492, 39492, 39492, 39492, 39492, 39492, 39492, 39492, 39192, 39192, 39192, 39192, 39192, 39192, 39192, 39192, 38960, 38960, 38960, 38960, 38960, 38960, 38960, 38960, 38720, 38720, 38720, 38720, 38720, 38720, 38720, 38720, 38632, 38632, 38632, 38632, 38632, 38632, 38632, 38632, 38352, 38352, 38352, 38352, 38352, 38352, 38352, 38352, 38112, 38112, 38112, 38112, 38112, 38112, 38112, 38112, 37976, 37976, 37976, 37976, 37976, 37976, 37976, 37976, 37848, 37848, 37848, 37848, 37848, 37848, 37848, 37848, 37584, 37584, 37584, 37584, 37584, 37584, 37584, 37584, 37505, 37506, 37505, 37506, 37506, 37505, 37506, 37505, 37352, 37344, 37344, 37336, 37328, 37320, 37312, 37312, 37296, 37296, 37296, 37296, 37296, 37296, 37296, 37296, 37248, 37248, 37248, 37248, 37248, 37248, 37248, 37248, 37200, 37200, 37200, 37200, 37200, 37200, 37200, 37200, 37088, 37088, 37088, 37088, 37088, 37088, 37088, 37088, 37056, 37056, 37056, 37056, 37056, 37056, 37056, 37056, 37024, 37024, 37024, 37024, 37024, 37024, 37024, 37024, 36896, 36896, 36896, 36896, 36896, 36896, 36896, 36896, 36912, 36912, 36912, 36912, 36912, 36912, 36912, 36912, 36816, 36816, 36816, 36816, 36816, 36816, 36816, 36816, 36800, 36800, 36800, 36800, 36800, 36800, 36800, 36800, 36800, 36800, 36800, 36800, 36800, 36800, 36800, 36800, 36800, 36800, 36800, 36800, 36800, 36800, 36800, 36800, 36800, 36800, 36800, 36800, 36800, 36800, 36800, 36800, 36800, 36800, 36800, 36800, 36800, 36800, 36800, 36800, 36800, 36800, 36800, 36800, 36800, 36800, 36800, 36800, 36800, 36800, 36800, 36800, 36800, 36800, 36800, 36800, 36800, 36800, 36800, 36800, 36800, 36800, 36800, 36800, 36800, 36800, 36800, 36800, 36800, 36800, 36800, 36800, 36800, 36800, 36800, 36800, 36800, 36800, 36800, 36800, 36800, 36800, 36800, 36800, 36800, 36800, 36800, 36800, 36800, 36800, 36800, 36800, 36800, 36800, 36800, 36800, 36800, 36800, 36800, 36800, 36800, 36800, 36800, 36800, 36800, 36800, 36800, 36800, 36800, 36800, 36800, 36800, 36800, 36800, 36800, 36800, 36800, 36800, 36800, 36800, 36800, 36800, 36800, 36800, 36800, 36800, 36800, 36800, 36800, 36800, 36800, 36800, 36800, 36800, 36800, 36800, 36800, 36800, 36800, 36800, 36800, 36800, 36800, 36800, 36800, 36800, 36800, 36800, 36800, 36800, 36800, 36800, 36800, 36800, 36800, 36800, 36800, 36800, 36800, 36800, 36800, 36800, 36800, 36800, 36800, 36800, 36800, 36800, 36800, 36800, 36800, 36800, 36800, 36800, 36800, 36800, 36800, 36800, 36800, 36800, 36800, 36800, 36800, 36800, 36800, 36800, 36800, 36800, 36800, 36800, 36800, 36800, 36800, 36800, 36800, 36800, 36800, 36800, 36800, 36800, 36800, 36800, 36800, 36800, 36800, 36800, 36800, 36800, 36800, 36800, 36800, 36800, 36800, 36800, 36800, 36800, 36800, 36800, 36800, 36800, 36800, 36800, 36800, 36800, 36800, 36800, 36800, 36800, 36800, 36800, 36800, 36800, 36800, 36800, 36800, 36800, 36800, 36800, 36800, 36800, 36800, 36800, 36800, 36800, 36800, 36800, 36800, 36800, 36800, 36800, 36800, 36800, 36800, 36800, 36800, 36800, 36800, 36800, 36800, 36800, 36800, 36800, 36800, 36800, 36800, 36800, 36800, 36800, 36800, 